-- phpMyAdmin SQL Dump
-- version 4.7.0
-- https://www.phpmyadmin.net/
--
-- Máy chủ: 127.0.0.1
-- Thời gian đã tạo: Th1 08, 2018 lúc 06:42 PM
-- Phiên bản máy phục vụ: 10.1.25-MariaDB
-- Phiên bản PHP: 7.1.7

SET SQL_MODE = "NO_AUTO_VALUE_ON_ZERO";
SET AUTOCOMMIT = 0;
START TRANSACTION;
SET time_zone = "+00:00";


/*!40101 SET @OLD_CHARACTER_SET_CLIENT=@@CHARACTER_SET_CLIENT */;
/*!40101 SET @OLD_CHARACTER_SET_RESULTS=@@CHARACTER_SET_RESULTS */;
/*!40101 SET @OLD_COLLATION_CONNECTION=@@COLLATION_CONNECTION */;
/*!40101 SET NAMES utf8mb4 */;

--
-- Cơ sở dữ liệu: `linkvietnam_condotel`
--

-- --------------------------------------------------------

--
-- Cấu trúc bảng cho bảng `address`
--

CREATE TABLE `address` (
  `id` int(11) NOT NULL,
  `title` varchar(255) COLLATE utf8_unicode_ci DEFAULT NULL,
  `name` text COLLATE utf8_unicode_ci,
  `softOrder` int(11) DEFAULT '0',
  `created_at` datetime DEFAULT NULL,
  `updated_at` datetime DEFAULT NULL
) ENGINE=InnoDB DEFAULT CHARSET=utf8 COLLATE=utf8_unicode_ci;

--
-- Đang đổ dữ liệu cho bảng `address`
--

INSERT INTO `address` (`id`, `title`, `name`, `softOrder`, `created_at`, `updated_at`) VALUES
(1, 'TRỤ SỞ CHÍNH ĐÀ NẴNG', 'Đường Trường Sa, Quận Ngũ Hành Sơn, Đà Nẵng\r\nĐT: +84 236 3954 666', 1, '2017-04-22 16:01:30', '2017-10-09 18:25:33'),
(2, 'VĂN PHÒNG HÀ NỘI', '614 Bis Lạc Long Quân, P. Nhật Tân, Q. Tây Hồ, Hà Nội\r\nĐT: +84 948 666 690', 2, '2017-04-22 16:01:30', '2017-10-09 18:25:49'),
(8, 'VĂN PHÒNG TP.HCM', 'Tầng 19 tòa nhà Pearl Plaza, 561A Điện Biên Phủ, P.25, Q. Bình Thạnh, Hồ Chí Minh\r\nĐT: +84 909 949 996', 3, '2017-05-16 06:45:26', '2017-10-09 18:26:03');

-- --------------------------------------------------------

--
-- Cấu trúc bảng cho bảng `block`
--

CREATE TABLE `block` (
  `id` int(11) NOT NULL,
  `parent_id` int(11) NOT NULL DEFAULT '0',
  `image` varchar(255) COLLATE utf8_unicode_ci DEFAULT NULL,
  `link` varchar(255) COLLATE utf8_unicode_ci DEFAULT NULL,
  `type` varchar(50) COLLATE utf8_unicode_ci DEFAULT NULL,
  `sort_order` int(11) NOT NULL DEFAULT '0',
  `created_at` date DEFAULT NULL,
  `updated_at` date DEFAULT NULL
) ENGINE=InnoDB DEFAULT CHARSET=utf8 COLLATE=utf8_unicode_ci;

--
-- Đang đổ dữ liệu cho bảng `block`
--

INSERT INTO `block` (`id`, `parent_id`, `image`, `link`, `type`, `sort_order`, `created_at`, `updated_at`) VALUES
(1, 0, '/photos/3/a3-800x800.png', 'http://nveducation.com.vn/l1/tu-van-du-hoc/n16.html', 'highlights', 2, NULL, '2017-11-07'),
(2, 0, '/photos/3/a4-640x960.png', 'http://nveducation.com.vn/l1/tu-van-nganh-hoc/n20.html', 'highlights', 3, NULL, '2017-11-07'),
(3, 0, '/photos/3/A1-800X800.png', 'http://nveducation.com.vn/l1/tu-van-san-hoc-bong/n19.html', 'highlights', 1, NULL, '2017-11-07'),
(4, 0, '/photos/3/A1-800X800.png', '#', 'lifestyle', 0, '2017-10-01', '2017-11-06'),
(5, 0, '/photos/3/Hình-1-Học-bổng-du-học-Canada.jpg', NULL, 'lifestyle', 0, '2017-10-01', '2017-11-06'),
(6, 0, '/photos/3/hoc-bong-du-hoc-canada.jpg', '#', 'lifestyle', 0, '2017-10-01', '2017-11-06'),
(7, 0, NULL, NULL, 'categoryJob', 1, '2017-10-16', '2017-10-16'),
(8, 7, NULL, NULL, 'categoryJob', 1, '2017-10-16', '2017-10-16'),
(9, 7, NULL, NULL, 'categoryJob', 2, '2017-10-16', '2017-10-16'),
(10, 0, '/photos/3/2.jpg', '#', 'lifestyle', 0, '2017-11-06', '2017-11-06'),
(11, 0, '/photos/3/Student-Work-Visa-2.jpg', NULL, 'lifestyle', 0, '2017-11-06', '2017-11-06'),
(12, 0, '/photos/3/4.jpg', NULL, 'lifestyle', 0, '2017-11-06', '2017-11-06');

-- --------------------------------------------------------

--
-- Cấu trúc bảng cho bảng `block_data`
--

CREATE TABLE `block_data` (
  `id` int(11) NOT NULL,
  `block_id` int(11) NOT NULL,
  `language` varchar(10) COLLATE utf8_unicode_ci NOT NULL DEFAULT 'vi',
  `name` varchar(255) COLLATE utf8_unicode_ci DEFAULT NULL,
  `description` text COLLATE utf8_unicode_ci,
  `created_at` date DEFAULT NULL,
  `updated_at` date DEFAULT NULL
) ENGINE=InnoDB DEFAULT CHARSET=utf8 COLLATE=utf8_unicode_ci;

--
-- Đang đổ dữ liệu cho bảng `block_data`
--

INSERT INTO `block_data` (`id`, `block_id`, `language`, `name`, `description`, `created_at`, `updated_at`) VALUES
(1, 1, 'vi', 'Tư vấn du học tổng quát', '<h4><br></h4>', NULL, '2017-11-03'),
(2, 1, 'en', 'en - Tư vấn du học tổng quát', 'en - Đánh thức giấc mơ cổ tích tại \"Xứ sở thần tiên\"', NULL, NULL),
(3, 2, 'vi', 'Tư vấn ngành', NULL, NULL, '2017-11-03'),
(4, 2, 'en', 'en - Tư vấn ngành', 'en - tu van nghanh - Đánh thức giấc mơ cổ tích tại \"Xứ sở thần tiên\"', NULL, NULL),
(5, 3, 'vi', 'SĂN HỌC BỔNG', '<h4><font face=\"Times New Roman\" color=\"#000000\">Với chính sách visa rộng mở, Canada hiện thu hút được hàng trăm ngàn du học sinh từ khắp các quốc gia trên thế giới. Tuy nhiên, Dù sở hữu môi trường học tập hiện đại bậc nhất thế giới nhưng các trường tại Canada vẫn luôn duy trì mức học phí thấp hơn hẳn các quốc gia nói tiếng Anh khác. Đây có thể coi là một trong số những lý do khiến nước này khá “khiêm tốn” trong việc cấp học bổng cho sinh viên quốc tế.<br>Để được tư vấn thông tin chi tiết nhất về săn học bổng du học Canada, bạn hãy nhanh tay liên hệ với NVE theo số hotline: 0901.799.666 để được tư vấn chi tiết.</font></h4>', NULL, '2017-11-07'),
(6, 3, 'en', 'ev', NULL, NULL, '2017-10-22'),
(7, 4, 'vi', 'TIỀM LỰC TÀI CHÍNH LỚN MẠNH', 'NVEDUCATION có Công ty chủ quản là NVHOMES – đơn vị phân phối BĐS hàng đầu Việt Nam Hiện nay với doanh số trên 300 tỷ đồng/năm ', '2017-10-01', '2017-11-06'),
(8, 4, 'en', NULL, '<p>weeeee</p>', '2017-10-01', '2017-11-06'),
(9, 5, 'vi', 'PHÍ DỊCH VỤ CẠNH TRANH NHẤT', '<p><font color=\"#ffffff\">Là đơn vị chuyên nghiệp, với nhiều ưu thế, không qua trung gian, NVEDUCATION có bảng giá dịch vụ cạnh tranh nhất thị trường&nbsp;<br></font></p><p><br></p>', '2017-10-01', '2017-11-06'),
(10, 5, 'en', NULL, NULL, '2017-10-01', '2017-10-01'),
(11, 6, 'vi', 'TẬN TÂM VÀ CHUYÊN NGHIỆP', '<p>Đội ngũ CBNV tận tình và chuyên nghiệp, luôn hỗ trợ offline và trực tuyến bất kể thời gian nào cho các bậc phụ huynh và học sinh, sinh viên.</p><div><br></div>', '2017-10-01', '2017-11-06'),
(12, 6, 'en', NULL, NULL, '2017-10-01', '2017-10-01'),
(13, 7, 'vi', 'Quản lý dự án', NULL, '2017-10-16', '2017-10-16'),
(14, 7, 'en', 'project manager', NULL, '2017-10-16', '2017-10-16'),
(15, 8, 'vi', 'Trợ lý', NULL, '2017-10-16', '2017-10-16'),
(16, 8, 'en', 'Assistant', '<p><br></p>', '2017-10-16', '2017-10-16'),
(17, 9, 'vi', 'chuyên viên', NULL, '2017-10-16', '2017-10-16'),
(18, 9, 'en', 'Specialist', NULL, '2017-10-16', '2017-10-16'),
(19, 10, 'vi', 'CÓ KINH NGHIỆM LÂU NĂM TRONG LĨNH VỰC DU LỊCH', '<p>NVEDUCATION được sự hậu thuẫn từ HADO Holidays – đơn vị uy tín trong lĩnh vực du lịch, hỗ trợ đắc lực về chính sách nhập cảnh và thông tin địa điểm đến tại Canada</p><div><br></div>', '2017-11-06', '2017-11-06'),
(20, 10, 'en', NULL, NULL, '2017-11-06', '2017-11-06'),
(21, 11, 'vi', 'CÓ ĐẠI DIỆN TẠI CANADA', '<p>Với việc có đại diện tại Canada, NVEDUCATION có ưu thế trong việc hỗ trợ sinh viên tại nơi các bạn đến sinh sống, học tập.</p><div><br></div>', '2017-11-06', '2017-11-06'),
(22, 11, 'en', NULL, NULL, '2017-11-06', '2017-11-06'),
(23, 12, 'vi', 'ĐA DẠNG CÁC LỰA CHỌN VỀ TRƯỜNG HỌC', '<p>NVEDUCATION đặt đối tác chiến lược với các trường cao đẳng trong CES và các trường trung học, đại học hàng đầu tại Canada</p><div><br></div>', '2017-11-06', '2017-11-06'),
(24, 12, 'en', NULL, NULL, '2017-11-06', '2017-11-06');

-- --------------------------------------------------------

--
-- Cấu trúc bảng cho bảng `block_home`
--

CREATE TABLE `block_home` (
  `id` int(11) NOT NULL,
  `name` varchar(255) COLLATE utf8_unicode_ci DEFAULT NULL,
  `description` text COLLATE utf8_unicode_ci,
  `images` varchar(255) COLLATE utf8_unicode_ci DEFAULT NULL,
  `type` varchar(100) COLLATE utf8_unicode_ci DEFAULT NULL,
  `sort_order` int(11) DEFAULT '0',
  `is_active` tinyint(4) NOT NULL DEFAULT '1',
  `created_at` date DEFAULT NULL,
  `updated_at` date DEFAULT NULL
) ENGINE=InnoDB DEFAULT CHARSET=utf8 COLLATE=utf8_unicode_ci;

--
-- Đang đổ dữ liệu cho bảng `block_home`
--

INSERT INTO `block_home` (`id`, `name`, `description`, `images`, `type`, `sort_order`, `is_active`, `created_at`, `updated_at`) VALUES
(1, 'Tư vấn du học tổng quát', 'Lorem ipsum dolor sit amet timeam deleniti mnesarchum ex sed alii\r\nex nam paulo temporibus ea vis id odio adhuc', 'block-home/icon-cor3.jpg', 'cooperate', 1, 1, NULL, NULL),
(2, 'Săn học bổng', 'Lorem ipsum dolor sit amet timeam deleniti mnesarchum ex sed alii\r\nex nam paulo temporibus ea vis id odio adhuc', 'block-home/photofacefun_com_1493452992.jpg', 'service', 2, 1, NULL, NULL),
(3, 'Tư vấn ngành', 'Lorem ipsum dolor sit amet timeam deleniti mnesarchum ex sed alii\r\nex nam paulo temporibus ea vis id odio adhuc', 'block-home/Untitled-design.png', 'product', 3, 1, NULL, NULL);

-- --------------------------------------------------------

--
-- Cấu trúc bảng cho bảng `category`
--

CREATE TABLE `category` (
  `id` int(15) NOT NULL,
  `parent_id` int(15) DEFAULT '0',
  `type` varchar(20) DEFAULT 'menu',
  `route_name` varchar(50) CHARACTER SET utf8 COLLATE utf8_unicode_ci DEFAULT NULL,
  `sub_cate_style` int(11) NOT NULL DEFAULT '0' COMMENT '0: none, 1: multiple',
  `sort_order` int(11) DEFAULT '0',
  `image` varchar(256) CHARACTER SET utf8 COLLATE utf8_unicode_ci DEFAULT NULL,
  `image_menu` varchar(255) CHARACTER SET utf8 COLLATE utf8_unicode_ci DEFAULT NULL,
  `style` varchar(50) NOT NULL DEFAULT 'first',
  `footer` int(3) NOT NULL DEFAULT '0',
  `mobile` int(3) NOT NULL DEFAULT '0',
  `updated_at` timestamp NOT NULL DEFAULT CURRENT_TIMESTAMP ON UPDATE CURRENT_TIMESTAMP,
  `created_at` timestamp NOT NULL DEFAULT '0000-00-00 00:00:00'
) ENGINE=MyISAM DEFAULT CHARSET=utf8;

--
-- Đang đổ dữ liệu cho bảng `category`
--

INSERT INTO `category` (`id`, `parent_id`, `type`, `route_name`, `sub_cate_style`, `sort_order`, `image`, `image_menu`, `style`, `footer`, `mobile`, `updated_at`, `created_at`) VALUES
(66, 0, 'menu', 'contact', 0, 3, NULL, NULL, 'first', 0, 0, '2018-01-07 17:25:47', '2018-01-07 10:25:38'),
(65, 62, 'menu', 'listNews', 0, 1, NULL, NULL, 'first', 0, 0, '2018-01-07 17:25:47', '2018-01-06 04:05:21'),
(64, 62, 'menu', 'listNews', 0, 2, NULL, NULL, 'first', 0, 0, '2018-01-07 17:25:47', '2018-01-06 04:05:01'),
(63, 62, 'menu', 'listNews', 0, 3, NULL, NULL, 'first', 0, 0, '2018-01-07 17:25:47', '2018-01-06 04:04:36'),
(62, 56, 'menu', 'listNews', 0, 1, NULL, NULL, 'first', 0, 0, '2018-01-06 11:04:47', '2018-01-06 04:04:12'),
(61, 57, 'menu', 'listNews', 0, 2, NULL, NULL, 'first', 0, 0, '2018-01-06 08:38:19', '2018-01-06 00:06:29'),
(60, 57, 'menu', 'listNews', 0, 1, NULL, NULL, 'first', 0, 0, '2018-01-06 08:37:58', '2018-01-06 00:06:15'),
(59, 56, 'menu', 'listNews', 0, 2, NULL, NULL, 'first', 0, 0, '2018-01-06 11:04:47', '2018-01-06 00:05:15'),
(58, 56, 'menu', 'listNews', 0, 3, NULL, NULL, 'first', 0, 0, '2018-01-06 11:04:47', '2018-01-06 00:04:08'),
(57, 56, 'menu', 'listNews', 0, 4, NULL, NULL, 'first', 0, 0, '2018-01-06 11:04:47', '2018-01-06 00:01:58'),
(56, 0, 'menu', 'listNews', 0, 2, NULL, NULL, 'first', 0, 0, '2018-01-04 15:27:03', '2018-01-04 08:26:48'),
(55, 0, 'menu', 'listNews02', 0, 1, NULL, NULL, 'first', 0, 0, '2018-01-04 15:27:03', '2018-01-04 08:26:30');

-- --------------------------------------------------------

--
-- Cấu trúc bảng cho bảng `category_data`
--

CREATE TABLE `category_data` (
  `id` int(15) NOT NULL,
  `name` varchar(300) DEFAULT NULL,
  `link` varchar(255) CHARACTER SET utf8 COLLATE utf8_unicode_ci DEFAULT '#',
  `seo_description` varchar(255) CHARACTER SET utf8 COLLATE utf8_unicode_ci DEFAULT NULL,
  `seo_keyword` varchar(255) CHARACTER SET utf8 COLLATE utf8_unicode_ci DEFAULT NULL,
  `category_id` int(11) NOT NULL,
  `language` varchar(11) NOT NULL DEFAULT 'vi',
  `updated_at` timestamp NOT NULL DEFAULT CURRENT_TIMESTAMP ON UPDATE CURRENT_TIMESTAMP,
  `created_at` timestamp NOT NULL DEFAULT '0000-00-00 00:00:00'
) ENGINE=MyISAM DEFAULT CHARSET=utf8;

--
-- Đang đổ dữ liệu cho bảng `category_data`
--

INSERT INTO `category_data` (`id`, `name`, `link`, `seo_description`, `seo_keyword`, `category_id`, `language`, `updated_at`, `created_at`) VALUES
(132, 'Contact', '/lien-he.html?contact&66', NULL, NULL, 66, 'en', '2018-01-07 10:25:38', '2018-01-07 10:25:38'),
(130, NULL, '/n//n65.html', NULL, NULL, 65, 'en', '2018-01-06 04:05:21', '2018-01-06 04:05:21'),
(131, 'Liên hệ', '/lien-he.html?lien-he&66', NULL, NULL, 66, 'vi', '2018-01-07 10:25:38', '2018-01-07 10:25:38'),
(129, 'Nội - ngoại thất', '/n/noi-ngoai-that/n65.html', NULL, NULL, 65, 'vi', '2018-01-06 04:05:21', '2018-01-06 04:05:21'),
(128, NULL, '/n//n64.html', NULL, NULL, 64, 'en', '2018-01-06 04:05:01', '2018-01-06 04:05:01'),
(126, NULL, '/n//n63.html', NULL, NULL, 63, 'en', '2018-01-06 04:04:36', '2018-01-06 04:04:36'),
(127, 'Kiến trúc', '/n/kien-truc/n64.html', NULL, NULL, 64, 'vi', '2018-01-06 04:05:01', '2018-01-06 04:05:01'),
(124, NULL, '/n//n62.html', NULL, NULL, 62, 'en', '2018-01-06 04:04:12', '2018-01-06 04:04:12'),
(125, 'Xây dựng', '/n/xay-dung/n63.html', NULL, NULL, 63, 'vi', '2018-01-06 04:04:36', '2018-01-06 04:04:36'),
(122, NULL, '/n//n61.html', NULL, NULL, 61, 'en', '2018-01-06 00:06:29', '2018-01-06 00:06:29'),
(123, 'Xây dựng - Kiến trúc', '/n/xay-dung-kien-truc/n62.html', NULL, NULL, 62, 'vi', '2018-01-06 04:04:12', '2018-01-06 04:04:12'),
(121, 'Thông tin quy hoạch', '/n/thong-tin-quy-hoach/n61.html', NULL, NULL, 61, 'vi', '2018-01-06 01:38:11', '2018-01-06 00:06:29'),
(120, NULL, '/n//n60.html', NULL, NULL, 60, 'en', '2018-01-06 00:06:15', '2018-01-06 00:06:15'),
(119, 'Tin thị trường', '/n/tin-thi-truong/n60.html', NULL, NULL, 60, 'vi', '2018-01-06 00:06:15', '2018-01-06 00:06:15'),
(118, NULL, '/n//n59.html', NULL, NULL, 59, 'en', '2018-01-06 00:05:15', '2018-01-06 00:05:15'),
(117, 'Kiến thức luật', '/n/kien-thuc-luat/n59.html', NULL, NULL, 59, 'vi', '2018-01-06 00:05:15', '2018-01-06 00:05:15'),
(116, NULL, '/n//n58.html', NULL, NULL, 58, 'en', '2018-01-06 00:04:08', '2018-01-06 00:04:08'),
(115, 'Phong thủy', '/n/phong-thuy/n58.html', NULL, NULL, 58, 'vi', '2018-01-06 00:04:08', '2018-01-06 00:04:08'),
(114, NULL, '/n//n57.html', NULL, NULL, 57, 'en', '2018-01-06 00:01:58', '2018-01-06 00:01:58'),
(113, 'Thị trường', '/n/thi-truong/n57.html', NULL, NULL, 57, 'vi', '2018-01-06 00:01:58', '2018-01-06 00:01:58'),
(112, 'News', '/n/news/n56.html', NULL, NULL, 56, 'en', '2018-01-04 08:26:48', '2018-01-04 08:26:48'),
(111, 'Tin tức', '/n/tin-tuc/n56.html', NULL, NULL, 56, 'vi', '2018-01-04 08:26:48', '2018-01-04 08:26:48'),
(110, 'Project', '/n2/project/n55.html', NULL, NULL, 55, 'en', '2018-01-04 08:26:35', '2018-01-04 08:26:30'),
(109, 'Dự án', '/n2/du-an/n55.html', NULL, NULL, 55, 'vi', '2018-01-04 08:26:35', '2018-01-04 08:26:30');

-- --------------------------------------------------------

--
-- Cấu trúc bảng cho bảng `contact`
--

CREATE TABLE `contact` (
  `id` int(11) NOT NULL,
  `name` varchar(100) COLLATE utf8_unicode_ci DEFAULT NULL,
  `email` varchar(100) COLLATE utf8_unicode_ci DEFAULT NULL,
  `message` text COLLATE utf8_unicode_ci,
  `phone` varchar(50) COLLATE utf8_unicode_ci DEFAULT NULL,
  `created_at` date DEFAULT NULL,
  `updated_at` date DEFAULT NULL
) ENGINE=InnoDB DEFAULT CHARSET=utf8 COLLATE=utf8_unicode_ci;

--
-- Đang đổ dữ liệu cho bảng `contact`
--

INSERT INTO `contact` (`id`, `name`, `email`, `message`, `phone`, `created_at`, `updated_at`) VALUES
(2, 'tienlq1', 'quangtienvkt@gmail.com', 'N/A', NULL, '2017-02-28', '2017-02-28'),
(4, 'tienlq', 'tienlq@gmail.com', 'tienlq tét', '098765432', '2017-11-09', '2017-11-09'),
(5, 'tienlq', 'tienlq@gmail.com', 'tienlq tét', '098765432', '2017-11-09', '2017-11-09'),
(6, 'tienlq', 'tienlq@gmail.com', 'tienlq tét', '098765432', '2017-11-09', '2017-11-09'),
(7, NULL, NULL, NULL, NULL, '2018-01-07', '2018-01-07');

-- --------------------------------------------------------

--
-- Cấu trúc bảng cho bảng `images`
--

CREATE TABLE `images` (
  `id` int(255) NOT NULL,
  `title` varchar(256) COLLATE utf8_unicode_ci DEFAULT NULL,
  `linkImage` varchar(256) COLLATE utf8_unicode_ci DEFAULT NULL,
  `linkClick` varchar(255) COLLATE utf8_unicode_ci DEFAULT NULL,
  `description` varchar(256) COLLATE utf8_unicode_ci DEFAULT NULL,
  `type` varchar(222) COLLATE utf8_unicode_ci DEFAULT NULL,
  `sort_order` int(11) DEFAULT '0',
  `layout` varchar(111) COLLATE utf8_unicode_ci DEFAULT NULL,
  `updated_at` timestamp NOT NULL DEFAULT CURRENT_TIMESTAMP ON UPDATE CURRENT_TIMESTAMP,
  `created_at` timestamp NOT NULL DEFAULT '0000-00-00 00:00:00'
) ENGINE=InnoDB DEFAULT CHARSET=utf8 COLLATE=utf8_unicode_ci;

--
-- Đang đổ dữ liệu cho bảng `images`
--

INSERT INTO `images` (`id`, `title`, `linkImage`, `linkClick`, `description`, `type`, `sort_order`, `layout`, `updated_at`, `created_at`) VALUES
(8, 'Nữ Lãnh Đạo Quốc Tế Trải Nghiệm Dịch Vụ Tại Himalaya Spa', 'img/category/1.jpg', 'http://himalayaspa.vn/nu-lanh-dao-quoc-te-trai-nghiem-dich-vu-tai-himalaya-spa/v6.html', 'Nữ Lãnh Đạo Quốc Tế Trải Nghiệm Dịch Vụ Tại Himalaya Spa', 'slide', 0, NULL, '2017-09-17 08:11:17', '2017-05-23 03:05:45'),
(9, 'Khai Trương Cơ Sơ 6 Phù Đổng Thiên Vương', 'img/category/2.jpg', '#', 'Ngày 16/05/2017 Himalaya Spa chính thức khai trương cơ sở 6 tại Phù Đổng Thiên Vương, do bà Phạm Ngọc Phượng làm giám đốc điều hành.', 'slide', 0, NULL, '2017-09-17 08:11:34', '2017-05-27 01:54:41'),
(10, 'Xông Đá Muối Himalaya - Dát Vàng Đá Quý Thạch Anh', 'img/category/3.jpg', 'http://himalayaspa.vn/xong-da-muoi-himalaya/sn175.html', 'Xông hơi đá muối là liệu pháp chăm sóc sức khỏe, làm đẹp có từ lâu đời của người Hàn, đã trở thành một thói quen chăm sóc sức khỏe lành mạnh, tiết kiệm, an toàn.', 'slide', 0, NULL, '2017-09-17 08:11:48', '2017-06-01 14:44:56');

-- --------------------------------------------------------

--
-- Cấu trúc bảng cho bảng `lifestyle`
--

CREATE TABLE `lifestyle` (
  `id` int(11) NOT NULL,
  `image` varchar(255) COLLATE utf8_unicode_ci DEFAULT NULL,
  `link` varchar(255) COLLATE utf8_unicode_ci DEFAULT NULL,
  `sort_order` int(11) NOT NULL DEFAULT '0',
  `created_at` date DEFAULT NULL,
  `updated_at` date DEFAULT NULL
) ENGINE=InnoDB DEFAULT CHARSET=utf8 COLLATE=utf8_unicode_ci;

--
-- Đang đổ dữ liệu cho bảng `lifestyle`
--

INSERT INTO `lifestyle` (`id`, `image`, `link`, `sort_order`, `created_at`, `updated_at`) VALUES
(1, 'https://www.cocobay.vn/wp-content/uploads/2016/11/photofacefun_com_1493452992.jpg', '#', 0, NULL, NULL),
(2, 'https://www.cocobay.vn/wp-content/uploads/2016/11/Ocean-1.jpg', '#', 0, NULL, NULL),
(3, 'https://www.cocobay.vn/wp-content/uploads/2016/11/Wonderland.png', '#', 0, NULL, NULL);

-- --------------------------------------------------------

--
-- Cấu trúc bảng cho bảng `lifestyle_data`
--

CREATE TABLE `lifestyle_data` (
  `id` int(11) NOT NULL,
  `highlights_id` int(11) NOT NULL,
  `language` varchar(10) COLLATE utf8_unicode_ci NOT NULL DEFAULT 'vi',
  `name` varchar(255) COLLATE utf8_unicode_ci DEFAULT NULL,
  `description` text COLLATE utf8_unicode_ci,
  `created_at` date DEFAULT NULL,
  `updated_at` date DEFAULT NULL
) ENGINE=InnoDB DEFAULT CHARSET=utf8 COLLATE=utf8_unicode_ci;

--
-- Đang đổ dữ liệu cho bảng `lifestyle_data`
--

INSERT INTO `lifestyle_data` (`id`, `highlights_id`, `language`, `name`, `description`, `created_at`, `updated_at`) VALUES
(1, 1, 'vi', 'Tư vấn du học tổng quát', 'Đánh thức giấc mơ cổ tích tại \"Xứ sở thần tiên\"', NULL, NULL),
(2, 1, 'en', 'en - Tư vấn du học tổng quát', 'en - Đánh thức giấc mơ cổ tích tại \"Xứ sở thần tiên\"', NULL, NULL),
(3, 2, 'vi', 'Tư vấn ngành', 'tu van nganh - Đánh thức giấc mơ cổ tích tại \"Xứ sở thần tiên\"', NULL, NULL),
(4, 2, 'en', 'en - Tư vấn ngành', 'en - tu van nghanh - Đánh thức giấc mơ cổ tích tại \"Xứ sở thần tiên\"', NULL, NULL),
(5, 3, 'vi', 'Tư vấn trường', 'tu van truong - Đánh thức giấc mơ cổ tích tại \"Xứ sở thần tiên\"', NULL, NULL),
(6, 3, 'en', 'en - Tư vấn trường', 'en - tu van truong - Đánh thức giấc mơ cổ tích tại \"Xứ sở thần tiên\"', NULL, NULL);

-- --------------------------------------------------------

--
-- Cấu trúc bảng cho bảng `news`
--

CREATE TABLE `news` (
  `id` bigint(15) NOT NULL,
  `image` varchar(100) COLLATE utf8_unicode_ci DEFAULT NULL,
  `image_thumb` varchar(255) COLLATE utf8_unicode_ci DEFAULT NULL,
  `user_id` int(11) DEFAULT NULL,
  `category_id` int(15) DEFAULT NULL,
  `active` int(2) DEFAULT NULL,
  `front` int(11) NOT NULL DEFAULT '0',
  `type` varchar(50) COLLATE utf8_unicode_ci DEFAULT NULL,
  `landingpage_id` int(11) DEFAULT '0',
  `dataLandingpage` longtext COLLATE utf8_unicode_ci,
  `background_mobile` varchar(255) COLLATE utf8_unicode_ci DEFAULT NULL,
  `background_pc` varchar(255) COLLATE utf8_unicode_ci DEFAULT NULL,
  `updated_at` timestamp NOT NULL DEFAULT CURRENT_TIMESTAMP ON UPDATE CURRENT_TIMESTAMP,
  `created_at` timestamp NOT NULL DEFAULT '0000-00-00 00:00:00'
) ENGINE=InnoDB DEFAULT CHARSET=utf8 COLLATE=utf8_unicode_ci;

--
-- Đang đổ dữ liệu cho bảng `news`
--

INSERT INTO `news` (`id`, `image`, `image_thumb`, `user_id`, `category_id`, `active`, `front`, `type`, `landingpage_id`, `dataLandingpage`, `background_mobile`, `background_pc`, `updated_at`, `created_at`) VALUES
(126, '/photos/3/9-jpgb8l5lsquumfg00at1tag.jpeg', NULL, NULL, 55, NULL, 0, 'project', 1, '{\"_token\":\"SUjU3nr6LDgBYQiwJmKWX07f6BdMb7yiZYpwoLX8\",\"category_id\":\"55\",\"type\":\"project\",\"image\":\"\\/photos\\/3\\/9-jpgb8l5lsquumfg00at1tag.jpeg\",\"landingpage_id\":\"1\",\"title\":{\"vi\":\"C\\u00f4 gi\\u00e1o nh\\u1eadn gi\\u1ea3i th\\u01b0\\u1edfng Ph\\u1ee5 n\\u1eef Vi\\u1ec7t Nam 2017\",\"en\":\"Happy birthday Hanotech 10 year\"},\"blocks33\":[\"1\",\"3\"],\"block\":\"36\",\"title_31\":{\"vi\":\"Flamingo\",\"en\":\"Flamingo\"},\"description_31\":{\"vi\":\"D\\u01b0\\u1edbi th\\u1eddi ti\\u1ebft gi\\u00e1 l\\u1ea1nh \\u1edf Th\\u01b0\\u1ee3ng H\\u1ea3i, U23 Vi\\u1ec7t Nam khi\\u1ebfn U23 Palestine ph\\u1ea3i ng\\u1ee1 ng\\u00e0ng.\",\"en\":\"D\\u01b0\\u1edbi th\\u1eddi ti\\u1ebft gi\\u00e1 l\\u1ea1nh \\u1edf Th\\u01b0\\u1ee3ng H\\u1ea3i, U23 Vi\\u1ec7t Nam khi\\u1ebfn U23 Palestine ph\\u1ea3i ng\\u1ee1 ng\\u00e0ng.\"},\"img31\":\"\\/photos\\/3\\/bar-bai-bien-jpgb8p5b3fu8fbg00besuvg.jpeg\",\"title_32\":{\"vi\":\"\",\"en\":\"\"},\"description_32\":{\"vi\":\"\",\"en\":\"\"},\"images_32\":[\"\",\"\",\"\",\"\",\"\",\"\",\"\",\"\",\"\",\"\",\"\",\"\",\"\",\"\",\"\",\"\",\"\",\"\",\"\",\"\"],\"title_33\":{\"vi\":\"block 03\",\"en\":\"block 03\"},\"description_33\":{\"vi\":\"D\\u01b0\\u1edbi th\\u1eddi ti\\u1ebft gi\\u00e1 l\\u1ea1nh \\u1edf Th\\u01b0\\u1ee3ng H\\u1ea3i, U23 Vi\\u1ec7t Nam khi\\u1ebfn U23 Palestine ph\\u1ea3i ng\\u1ee1 ng\\u00e0ng.\",\"en\":\"D\\u01b0\\u1edbi th\\u1eddi ti\\u1ebft gi\\u00e1 l\\u1ea1nh \\u1edf Th\\u01b0\\u1ee3ng H\\u1ea3i, U23 Vi\\u1ec7t Nam khi\\u1ebfn U23 Palestine ph\\u1ea3i ng\\u1ee1 ng\\u00e0ng.\"},\"img33\":\"\\/photos\\/3\\/bar-bai-bien-jpgb8p5b3fu8fbg00besuvg.jpeg\",\"images_34\":[\"\",\"\",\"\"],\"title_img_34\":[{\"vi\":\"\",\"en\":\"\"},{\"vi\":\"\",\"en\":\"\"},{\"vi\":\"\",\"en\":\"\"}],\"description_img_34\":[{\"vi\":\"\",\"en\":\"\"},{\"vi\":\"\",\"en\":\"\"},{\"vi\":\"\",\"en\":\"\"}],\"link_img_34\":[{\"vi\":\"\",\"en\":\"\"},{\"vi\":\"\",\"en\":\"\"},{\"vi\":\"\",\"en\":\"\"}],\"big_title35\":{\"vi\":\"\",\"en\":\"\"},\"img35\":[\"\",\"\",\"\",\"\",\"\",\"\",\"\",\"\",\"\",\"\",\"\",\"\",\"\",\"\",\"\",\"\",\"\",\"\",\"\",\"\",\"\"],\"title35\":{\"vi\":[\"\",\"\",\"\",\"\",\"\",\"\",\"\",\"\",\"\",\"\",\"\",\"\",\"\",\"\",\"\",\"\",\"\",\"\",\"\",\"\",\"\"],\"en\":[\"\",\"\",\"\",\"\",\"\",\"\",\"\",\"\",\"\",\"\",\"\",\"\",\"\",\"\",\"\",\"\",\"\",\"\",\"\",\"\",\"\"]},\"description_35\":{\"vi\":[\"\",\"\",\"\",\"\",\"\",\"\",\"\",\"\",\"\",\"\",\"\",\"\",\"\",\"\",\"\",\"\",\"\",\"\",\"\",\"\",\"\"],\"en\":[\"\",\"\",\"\",\"\",\"\",\"\",\"\",\"\",\"\",\"\",\"\",\"\",\"\",\"\",\"\",\"\",\"\",\"\",\"\",\"\",\"\"]},\"big_title36\":{\"vi\":\"\",\"en\":\"\"},\"img36\":[\"\",\"\",\"\",\"\",\"\",\"\",\"\",\"\",\"\",\"\",\"\",\"\",\"\",\"\",\"\",\"\",\"\",\"\",\"\",\"\",\"\"],\"title36\":{\"vi\":[\"\",\"\",\"\",\"\",\"\",\"\",\"\",\"\",\"\",\"\",\"\",\"\",\"\",\"\",\"\",\"\",\"\",\"\",\"\",\"\",\"\"],\"en\":[\"\",\"\",\"\",\"\",\"\",\"\",\"\",\"\",\"\",\"\",\"\",\"\",\"\",\"\",\"\",\"\",\"\",\"\",\"\",\"\",\"\"]},\"keyword\":{\"vi\":\"\",\"en\":\"\"},\"description\":{\"vi\":\"\",\"en\":\"\"}}', NULL, NULL, '2018-01-08 09:21:30', '2018-01-04 08:33:25'),
(128, '/photos/3/10-jpgb8l5nfquumfg00at1tbg.jpeg', NULL, NULL, 55, NULL, 0, 'project', 0, NULL, NULL, NULL, '2018-01-05 09:55:53', '2018-01-05 09:55:53'),
(129, '/photos/3/9-jpgb8l5lsquumfg00at1tag.jpeg', NULL, NULL, 55, NULL, 0, NULL, 1, '{\"_token\":\"SUjU3nr6LDgBYQiwJmKWX07f6BdMb7yiZYpwoLX8\",\"category_id\":\"55\",\"type\":\"\",\"image\":\"\\/photos\\/3\\/9-jpgb8l5lsquumfg00at1tag.jpeg\",\"landingpage_id\":\"1\",\"title\":{\"vi\":\"Flamingo C\\u00e1t B\\u00e0 Beach Resort\",\"en\":\"Flamingo C\\u00e1t B\\u00e0 Beach Resort\"},\"blocks33\":[\"1\",\"2\",\"3\",\"4\",\"5\",\"6\"],\"block\":\"36\",\"title_31\":{\"vi\":\"Flamingo C\\u00e1t B\\u00e0 Beach Resort\",\"en\":\"Flamingo C\\u00e1t B\\u00e0 Beach Resort\"},\"description_31\":{\"vi\":\"Flamingo C\\u00e1t B\\u00e0 Beach Resort s\\u1edf h\\u1eefu v\\u1ecb tr\\u00ed \\u0111\\u1eafc \\u0111\\u1ecba tr\\u00ean b\\u00e3i bi\\u1ec3n \\u0111\\u1eb9p nh\\u1ea5t c\\u1ee7a C\\u00e1t B\\u00e0, v\\u1edbi ki\\u1ebfn tr\\u00fac si\\u00eau ph\\u1ea9m \\u201cC\\u1ea3 t\\u00f2a nh\\u00e0 l\\u00e0 m\\u1ed9t c\\u00e1nh r\\u1eebng, c\\u1ea3 t\\u00f2a nh\\u00e0 l\\u00e0 m\\u1ed9t v\\u01b0\\u1eddn hoa\\u201d c\\u00f9ng v\\u1edbi v\\u00f4 v\\u00e0n ti\\u1ec7n \\u00edch 5 sao v\\u01b0\\u1ee3t tr\\u1ed9i, l\\u00e0 m\\u1ed9t n\\u01a1i phong th\\u1ee7y c\\u00e1t t\\u01b0\\u1eddng v\\u01b0\\u1ee3ng l\\u1ed9c cho ch\\u1ee7 nh\\u00e2n, x\\u1ee9ng t\\u1ea7m l\\u00e0 \\u201c B\\u1ea3n Giao h\\u01b0\\u1edfng 4 m\\u00f9a, kh\\u00fac ca tuy\\u1ec7t v\\u1eddi giao h\\u00f2a tr\\u1eddi bi\\u1ec3n\",\"en\":\"Flamingo C\\u00e1t B\\u00e0 Beach Resort s\\u1edf h\\u1eefu v\\u1ecb tr\\u00ed \\u0111\\u1eafc \\u0111\\u1ecba tr\\u00ean b\\u00e3i bi\\u1ec3n \\u0111\\u1eb9p nh\\u1ea5t c\\u1ee7a C\\u00e1t B\\u00e0, v\\u1edbi ki\\u1ebfn tr\\u00fac si\\u00eau ph\\u1ea9m \\u201cC\\u1ea3 t\\u00f2a nh\\u00e0 l\\u00e0 m\\u1ed9t c\\u00e1nh r\\u1eebng, c\\u1ea3 t\\u00f2a nh\\u00e0 l\\u00e0 m\\u1ed9t v\\u01b0\\u1eddn hoa\\u201d c\\u00f9ng v\\u1edbi v\\u00f4 v\\u00e0n ti\\u1ec7n \\u00edch 5 sao v\\u01b0\\u1ee3t tr\\u1ed9i, l\\u00e0 m\\u1ed9t n\\u01a1i phong th\\u1ee7y c\\u00e1t t\\u01b0\\u1eddng v\\u01b0\\u1ee3ng l\\u1ed9c cho ch\\u1ee7 nh\\u00e2n, x\\u1ee9ng t\\u1ea7m l\\u00e0 \\u201c B\\u1ea3n Giao h\\u01b0\\u1edfng 4 m\\u00f9a, kh\\u00fac ca tuy\\u1ec7t v\\u1eddi giao h\\u00f2a tr\\u1eddi bi\\u1ec3n\"},\"img31\":\"\\/photos\\/3\\/9-jpgb8l5lsquumfg00at1tag.jpeg\",\"title_32\":{\"vi\":\"M\\u1eb7t b\\u1eb1ng d\\u1ef1 \\u00e1n\",\"en\":\"M\\u1eb7t b\\u1eb1ng d\\u1ef1 \\u00e1n\"},\"description_32\":{\"vi\":\"\",\"en\":\"\"},\"images_32\":[\"https:\\/\\/images.jinn.vn\\/9-jpgb8l5lsquumfg00at1tag.jpeg\",\"https:\\/\\/images.jinn.vn\\/1-jpgb8l5ltiuumfg00at1tb0.jpeg\",\"\",\"\",\"\",\"\",\"\",\"\",\"\",\"\",\"\",\"\",\"\",\"\",\"\",\"\",\"\",\"\",\"\",\"\"],\"title_33\":{\"vi\":\"Forest on the Sea\",\"en\":\"Forest on the Sea\"},\"description_33\":{\"vi\":\"\",\"en\":\"\"},\"img33\":\"https:\\/\\/images.jinn.vn\\/mb-jpgb8l4i1quumfg00at1s70.jpeg\",\"images_34\":[\"https:\\/\\/images.jinn.vn\\/f1-jpgb8l5qgauumfg00at1td0.jpeg\",\"https:\\/\\/images.jinn.vn\\/f1-jpgb8l5qgauumfg00at1td0.jpeg\",\"https:\\/\\/images.jinn.vn\\/f1-jpgb8l5qgauumfg00at1td0.jpeg\"],\"title_img_34\":[{\"vi\":\"Forest on the Sea\",\"en\":\"Forest on the Sea\"},{\"vi\":\"Forest on the Sea\",\"en\":\"Forest on the Sea\"},{\"vi\":\"Forest on the Sea\",\"en\":\"Forest on the Sea\"}],\"description_img_34\":[{\"vi\":\"\\r\\n                           Forest\\r\\nOn The Sea Flamingo C\\u00e1t B\\u00e0 \\u0111\\u01b0\\u1ee3c m\\u1ec7nh danh l\\u00e0 \\u201cT\\u00f2a nh\\u00e0 r\\u1ef1c r\\u1ee1 gi\\u1eefa bi\\u1ec3n xanh\\u201d mang\\r\\n\\u0111\\u1eb7c tr\\u01b0ng c\\u1ee7a bi\\u1ec3n v\\u00e0 r\\u1eebng. N\\u01a1i \\u0111\\u00e2y hi\\u1ec7n h\\u1eefu nh\\u01b0 m\\u1ed9t khu r\\u1eebng xanh v\\u1edbi chi\\u1ec1u\\r\\ncao \\u1ea5n t\\u01b0\\u1ee3ng thu\\u1ed9c khu v\\u1ef1c b\\u00e3i t\\u1eafm C\\u00e1t C\\u00f2 1, t\\u00f2a nh\\u00e0 Forest On The Sea l\\u00e0 t\\u1ed5 h\\u1ee3p\\r\\nc\\u1ee7a nh\\u1eefng c\\u0103n h\\u1ed9 ngh\\u1ec9 d\\u01b0\\u1ee1ng tr\\u00ean cao c\\u00f3 h\\u01b0\\u1edbng view ra bi\\u1ec3n C\\u00e1t B\\u00e0 tuy\\u1ec7t \\u0111\\u1eb9p. Forest\\r\\nOn The Sea c\\u00f3 di\\u1ec7n t\\u00edch 2.031 m2 v\\u00e0 m\\u1eadt \\u0111\\u1ed9 x\\u00e2y d\\u1ef1ng 64%, bao g\\u1ed3m 173 c\\u0103n h\\u1ed9. V\\u1edbi\\r\\nnh\\u1eefng c\\u0103n bi\\u1ec7t th\\u1ef1 tr\\u00ean cao ch\\u01b0a t\\u1eebng c\\u00f3 v\\u1eeba tinh t\\u1ebf, sang tr\\u1ecdng l\\u1ea1i v\\u1eeba h\\u00e0i\\r\\nh\\u00f2a v\\u1edbi thi\\u00ean nhi\\u00ean. V\\u1edbi phong c\\u00e1ch n\\u1ed9i th\\u1ea5t ti\\u1ec7n nghi c\\u00f9ng h\\u1ec7 th\\u1ed1ng c\\u00e2y xanh,\\r\\nv\\u01b0\\u1eddn treo h\\u00e0i h\\u00f2a, t\\u00f2a th\\u00e1p n\\u00e0y s\\u1ebd l\\u00e0 n\\u01a1i th\\u1ec3 hi\\u1ec7n \\u0111\\u1eb3ng c\\u1ea5p v\\u00e0 gu th\\u1ea9m m\\u1ef9 ho\\u00e0n\\r\\nh\\u1ea3o c\\u1ee7a c\\u00e1c ch\\u1ee7 nh\\u00e2n.\\r\\n\\r\\n\\r\\n\\r\\nB\\u00ean\\r\\nc\\u1ea1nh \\u0111\\u00f3, kh\\u00e1ch h\\u00e0ng c\\u00f3 th\\u1ec3 t\\u00ecm th\\u1ea5y nh\\u1eefng d\\u1ecbch v\\u1ee5 \\u0111\\u1eb3ng c\\u1ea5p v\\u00e0 sang tr\\u1ecdng h\\u00e0ng \\u0111\\u1ea7u\\r\\nngay t\\u1ea1i t\\u00f2a nh\\u00e0, bao g\\u1ed3m b\\u1ec3 b\\u01a1i v\\u00f4 c\\u1ef1c tr\\u00ean cao, nh\\u00e0 h\\u00e0ng cao c\\u1ea5p c\\u00f3 kh\\u1ea3 n\\u0103ng\\r\\nph\\u1ee5c v\\u1ee5 t\\u1edbi 300 kh\\u00e1ch c\\u00f9ng l\\u00fac. \\u0110\\u00e2y s\\u1ebd l\\u00e0 \\u0111\\u1ecba \\u0111i\\u1ec3m l\\u00fd t\\u01b0\\u1edfng \\u0111\\u1ec3 m\\u1ed7i ng\\u01b0\\u1eddi t\\u00ecm th\\u1ea5y\\r\\ns\\u1ef1 b\\u00ecnh y\\u00ean c\\u1ee7a k\\u1ef3 ngh\\u1ec9 d\\u01b0\\u1ee1ng khi \\u0111\\u1ed3ng th\\u1eddi v\\u1eabn tr\\u1ea3i nghi\\u1ec7m t\\u1ea5t c\\u1ea3 c\\u00e1c d\\u1ecbch v\\u1ee5\\r\\nch\\u1ea5t l\\u01b0\\u1ee3ng nh\\u1ea5t. V\\u1ecb tr\\u00ed Forest On The Sea Flamingo C\\u00e1t B\\u00e0 kh\\u00f4ng ch\\u1ec9 mang \\u0111\\u1ea7y\\r\\n\\u0111\\u1ee7 \\u01b0u \\u0111i\\u1ec3m c\\u1ee7a to\\u00e0n d\\u1ef1 \\u00e1n m\\u00e0 c\\u00f2n n\\u1ed5i b\\u1eadt h\\u01a1n khi l\\u00e0 t\\u00f2a n\\u1eb1m g\\u1ea7n \\u0111\\u01b0\\u1eddng ch\\u00ednh nh\\u1ea5t,\\r\\nr\\u1ea5t thu\\u1eadn ti\\u1ec7n \\u0111\\u1ec3 kh\\u00e1ch h\\u00e0ng di chuy\\u1ec3n \\u0111\\u1ebfn c\\u00e1c khu v\\u1ef1c xung quanh. \\r\\n                        \",\"en\":\"\\r\\n                           Forest\\r\\nOn The Sea Flamingo C\\u00e1t B\\u00e0 \\u0111\\u01b0\\u1ee3c m\\u1ec7nh danh l\\u00e0 \\u201cT\\u00f2a nh\\u00e0 r\\u1ef1c r\\u1ee1 gi\\u1eefa bi\\u1ec3n xanh\\u201d mang\\r\\n\\u0111\\u1eb7c tr\\u01b0ng c\\u1ee7a bi\\u1ec3n v\\u00e0 r\\u1eebng. N\\u01a1i \\u0111\\u00e2y hi\\u1ec7n h\\u1eefu nh\\u01b0 m\\u1ed9t khu r\\u1eebng xanh v\\u1edbi chi\\u1ec1u\\r\\ncao \\u1ea5n t\\u01b0\\u1ee3ng thu\\u1ed9c khu v\\u1ef1c b\\u00e3i t\\u1eafm C\\u00e1t C\\u00f2 1, t\\u00f2a nh\\u00e0 Forest On The Sea l\\u00e0 t\\u1ed5 h\\u1ee3p\\r\\nc\\u1ee7a nh\\u1eefng c\\u0103n h\\u1ed9 ngh\\u1ec9 d\\u01b0\\u1ee1ng tr\\u00ean cao c\\u00f3 h\\u01b0\\u1edbng view ra bi\\u1ec3n C\\u00e1t B\\u00e0 tuy\\u1ec7t \\u0111\\u1eb9p. Forest\\r\\nOn The Sea c\\u00f3 di\\u1ec7n t\\u00edch 2.031 m2 v\\u00e0 m\\u1eadt \\u0111\\u1ed9 x\\u00e2y d\\u1ef1ng 64%, bao g\\u1ed3m 173 c\\u0103n h\\u1ed9. V\\u1edbi\\r\\nnh\\u1eefng c\\u0103n bi\\u1ec7t th\\u1ef1 tr\\u00ean cao ch\\u01b0a t\\u1eebng c\\u00f3 v\\u1eeba tinh t\\u1ebf, sang tr\\u1ecdng l\\u1ea1i v\\u1eeba h\\u00e0i\\r\\nh\\u00f2a v\\u1edbi thi\\u00ean nhi\\u00ean. V\\u1edbi phong c\\u00e1ch n\\u1ed9i th\\u1ea5t ti\\u1ec7n nghi c\\u00f9ng h\\u1ec7 th\\u1ed1ng c\\u00e2y xanh,\\r\\nv\\u01b0\\u1eddn treo h\\u00e0i h\\u00f2a, t\\u00f2a th\\u00e1p n\\u00e0y s\\u1ebd l\\u00e0 n\\u01a1i th\\u1ec3 hi\\u1ec7n \\u0111\\u1eb3ng c\\u1ea5p v\\u00e0 gu th\\u1ea9m m\\u1ef9 ho\\u00e0n\\r\\nh\\u1ea3o c\\u1ee7a c\\u00e1c ch\\u1ee7 nh\\u00e2n.\\r\\n\\r\\n\\r\\n\\r\\nB\\u00ean\\r\\nc\\u1ea1nh \\u0111\\u00f3, kh\\u00e1ch h\\u00e0ng c\\u00f3 th\\u1ec3 t\\u00ecm th\\u1ea5y nh\\u1eefng d\\u1ecbch v\\u1ee5 \\u0111\\u1eb3ng c\\u1ea5p v\\u00e0 sang tr\\u1ecdng h\\u00e0ng \\u0111\\u1ea7u\\r\\nngay t\\u1ea1i t\\u00f2a nh\\u00e0, bao g\\u1ed3m b\\u1ec3 b\\u01a1i v\\u00f4 c\\u1ef1c tr\\u00ean cao, nh\\u00e0 h\\u00e0ng cao c\\u1ea5p c\\u00f3 kh\\u1ea3 n\\u0103ng\\r\\nph\\u1ee5c v\\u1ee5 t\\u1edbi 300 kh\\u00e1ch c\\u00f9ng l\\u00fac. \\u0110\\u00e2y s\\u1ebd l\\u00e0 \\u0111\\u1ecba \\u0111i\\u1ec3m l\\u00fd t\\u01b0\\u1edfng \\u0111\\u1ec3 m\\u1ed7i ng\\u01b0\\u1eddi t\\u00ecm th\\u1ea5y\\r\\ns\\u1ef1 b\\u00ecnh y\\u00ean c\\u1ee7a k\\u1ef3 ngh\\u1ec9 d\\u01b0\\u1ee1ng khi \\u0111\\u1ed3ng th\\u1eddi v\\u1eabn tr\\u1ea3i nghi\\u1ec7m t\\u1ea5t c\\u1ea3 c\\u00e1c d\\u1ecbch v\\u1ee5\\r\\nch\\u1ea5t l\\u01b0\\u1ee3ng nh\\u1ea5t. V\\u1ecb tr\\u00ed Forest On The Sea Flamingo C\\u00e1t B\\u00e0 kh\\u00f4ng ch\\u1ec9 mang \\u0111\\u1ea7y\\r\\n\\u0111\\u1ee7 \\u01b0u \\u0111i\\u1ec3m c\\u1ee7a to\\u00e0n d\\u1ef1 \\u00e1n m\\u00e0 c\\u00f2n n\\u1ed5i b\\u1eadt h\\u01a1n khi l\\u00e0 t\\u00f2a n\\u1eb1m g\\u1ea7n \\u0111\\u01b0\\u1eddng ch\\u00ednh nh\\u1ea5t,\\r\\nr\\u1ea5t thu\\u1eadn ti\\u1ec7n \\u0111\\u1ec3 kh\\u00e1ch h\\u00e0ng di chuy\\u1ec3n \\u0111\\u1ebfn c\\u00e1c khu v\\u1ef1c xung quanh. \\r\\n                        \"},{\"vi\":\"\\r\\n                           Forest\\r\\nOn The Sea Flamingo C\\u00e1t B\\u00e0 \\u0111\\u01b0\\u1ee3c m\\u1ec7nh danh l\\u00e0 \\u201cT\\u00f2a nh\\u00e0 r\\u1ef1c r\\u1ee1 gi\\u1eefa bi\\u1ec3n xanh\\u201d mang\\r\\n\\u0111\\u1eb7c tr\\u01b0ng c\\u1ee7a bi\\u1ec3n v\\u00e0 r\\u1eebng. N\\u01a1i \\u0111\\u00e2y hi\\u1ec7n h\\u1eefu nh\\u01b0 m\\u1ed9t khu r\\u1eebng xanh v\\u1edbi chi\\u1ec1u\\r\\ncao \\u1ea5n t\\u01b0\\u1ee3ng thu\\u1ed9c khu v\\u1ef1c b\\u00e3i t\\u1eafm C\\u00e1t C\\u00f2 1, t\\u00f2a nh\\u00e0 Forest On The Sea l\\u00e0 t\\u1ed5 h\\u1ee3p\\r\\nc\\u1ee7a nh\\u1eefng c\\u0103n h\\u1ed9 ngh\\u1ec9 d\\u01b0\\u1ee1ng tr\\u00ean cao c\\u00f3 h\\u01b0\\u1edbng view ra bi\\u1ec3n C\\u00e1t B\\u00e0 tuy\\u1ec7t \\u0111\\u1eb9p. Forest\\r\\nOn The Sea c\\u00f3 di\\u1ec7n t\\u00edch 2.031 m2 v\\u00e0 m\\u1eadt \\u0111\\u1ed9 x\\u00e2y d\\u1ef1ng 64%, bao g\\u1ed3m 173 c\\u0103n h\\u1ed9. V\\u1edbi\\r\\nnh\\u1eefng c\\u0103n bi\\u1ec7t th\\u1ef1 tr\\u00ean cao ch\\u01b0a t\\u1eebng c\\u00f3 v\\u1eeba tinh t\\u1ebf, sang tr\\u1ecdng l\\u1ea1i v\\u1eeba h\\u00e0i\\r\\nh\\u00f2a v\\u1edbi thi\\u00ean nhi\\u00ean. V\\u1edbi phong c\\u00e1ch n\\u1ed9i th\\u1ea5t ti\\u1ec7n nghi c\\u00f9ng h\\u1ec7 th\\u1ed1ng c\\u00e2y xanh,\\r\\nv\\u01b0\\u1eddn treo h\\u00e0i h\\u00f2a, t\\u00f2a th\\u00e1p n\\u00e0y s\\u1ebd l\\u00e0 n\\u01a1i th\\u1ec3 hi\\u1ec7n \\u0111\\u1eb3ng c\\u1ea5p v\\u00e0 gu th\\u1ea9m m\\u1ef9 ho\\u00e0n\\r\\nh\\u1ea3o c\\u1ee7a c\\u00e1c ch\\u1ee7 nh\\u00e2n.\\r\\n\\r\\n\\r\\n\\r\\nB\\u00ean\\r\\nc\\u1ea1nh \\u0111\\u00f3, kh\\u00e1ch h\\u00e0ng c\\u00f3 th\\u1ec3 t\\u00ecm th\\u1ea5y nh\\u1eefng d\\u1ecbch v\\u1ee5 \\u0111\\u1eb3ng c\\u1ea5p v\\u00e0 sang tr\\u1ecdng h\\u00e0ng \\u0111\\u1ea7u\\r\\nngay t\\u1ea1i t\\u00f2a nh\\u00e0, bao g\\u1ed3m b\\u1ec3 b\\u01a1i v\\u00f4 c\\u1ef1c tr\\u00ean cao, nh\\u00e0 h\\u00e0ng cao c\\u1ea5p c\\u00f3 kh\\u1ea3 n\\u0103ng\\r\\nph\\u1ee5c v\\u1ee5 t\\u1edbi 300 kh\\u00e1ch c\\u00f9ng l\\u00fac. \\u0110\\u00e2y s\\u1ebd l\\u00e0 \\u0111\\u1ecba \\u0111i\\u1ec3m l\\u00fd t\\u01b0\\u1edfng \\u0111\\u1ec3 m\\u1ed7i ng\\u01b0\\u1eddi t\\u00ecm th\\u1ea5y\\r\\ns\\u1ef1 b\\u00ecnh y\\u00ean c\\u1ee7a k\\u1ef3 ngh\\u1ec9 d\\u01b0\\u1ee1ng khi \\u0111\\u1ed3ng th\\u1eddi v\\u1eabn tr\\u1ea3i nghi\\u1ec7m t\\u1ea5t c\\u1ea3 c\\u00e1c d\\u1ecbch v\\u1ee5\\r\\nch\\u1ea5t l\\u01b0\\u1ee3ng nh\\u1ea5t. V\\u1ecb tr\\u00ed Forest On The Sea Flamingo C\\u00e1t B\\u00e0 kh\\u00f4ng ch\\u1ec9 mang \\u0111\\u1ea7y\\r\\n\\u0111\\u1ee7 \\u01b0u \\u0111i\\u1ec3m c\\u1ee7a to\\u00e0n d\\u1ef1 \\u00e1n m\\u00e0 c\\u00f2n n\\u1ed5i b\\u1eadt h\\u01a1n khi l\\u00e0 t\\u00f2a n\\u1eb1m g\\u1ea7n \\u0111\\u01b0\\u1eddng ch\\u00ednh nh\\u1ea5t,\\r\\nr\\u1ea5t thu\\u1eadn ti\\u1ec7n \\u0111\\u1ec3 kh\\u00e1ch h\\u00e0ng di chuy\\u1ec3n \\u0111\\u1ebfn c\\u00e1c khu v\\u1ef1c xung quanh. \\r\\n                        \",\"en\":\"\\r\\n                           Forest\\r\\nOn The Sea Flamingo C\\u00e1t B\\u00e0 \\u0111\\u01b0\\u1ee3c m\\u1ec7nh danh l\\u00e0 \\u201cT\\u00f2a nh\\u00e0 r\\u1ef1c r\\u1ee1 gi\\u1eefa bi\\u1ec3n xanh\\u201d mang\\r\\n\\u0111\\u1eb7c tr\\u01b0ng c\\u1ee7a bi\\u1ec3n v\\u00e0 r\\u1eebng. N\\u01a1i \\u0111\\u00e2y hi\\u1ec7n h\\u1eefu nh\\u01b0 m\\u1ed9t khu r\\u1eebng xanh v\\u1edbi chi\\u1ec1u\\r\\ncao \\u1ea5n t\\u01b0\\u1ee3ng thu\\u1ed9c khu v\\u1ef1c b\\u00e3i t\\u1eafm C\\u00e1t C\\u00f2 1, t\\u00f2a nh\\u00e0 Forest On The Sea l\\u00e0 t\\u1ed5 h\\u1ee3p\\r\\nc\\u1ee7a nh\\u1eefng c\\u0103n h\\u1ed9 ngh\\u1ec9 d\\u01b0\\u1ee1ng tr\\u00ean cao c\\u00f3 h\\u01b0\\u1edbng view ra bi\\u1ec3n C\\u00e1t B\\u00e0 tuy\\u1ec7t \\u0111\\u1eb9p. Forest\\r\\nOn The Sea c\\u00f3 di\\u1ec7n t\\u00edch 2.031 m2 v\\u00e0 m\\u1eadt \\u0111\\u1ed9 x\\u00e2y d\\u1ef1ng 64%, bao g\\u1ed3m 173 c\\u0103n h\\u1ed9. V\\u1edbi\\r\\nnh\\u1eefng c\\u0103n bi\\u1ec7t th\\u1ef1 tr\\u00ean cao ch\\u01b0a t\\u1eebng c\\u00f3 v\\u1eeba tinh t\\u1ebf, sang tr\\u1ecdng l\\u1ea1i v\\u1eeba h\\u00e0i\\r\\nh\\u00f2a v\\u1edbi thi\\u00ean nhi\\u00ean. V\\u1edbi phong c\\u00e1ch n\\u1ed9i th\\u1ea5t ti\\u1ec7n nghi c\\u00f9ng h\\u1ec7 th\\u1ed1ng c\\u00e2y xanh,\\r\\nv\\u01b0\\u1eddn treo h\\u00e0i h\\u00f2a, t\\u00f2a th\\u00e1p n\\u00e0y s\\u1ebd l\\u00e0 n\\u01a1i th\\u1ec3 hi\\u1ec7n \\u0111\\u1eb3ng c\\u1ea5p v\\u00e0 gu th\\u1ea9m m\\u1ef9 ho\\u00e0n\\r\\nh\\u1ea3o c\\u1ee7a c\\u00e1c ch\\u1ee7 nh\\u00e2n.\\r\\n\\r\\n\\r\\n\\r\\nB\\u00ean\\r\\nc\\u1ea1nh \\u0111\\u00f3, kh\\u00e1ch h\\u00e0ng c\\u00f3 th\\u1ec3 t\\u00ecm th\\u1ea5y nh\\u1eefng d\\u1ecbch v\\u1ee5 \\u0111\\u1eb3ng c\\u1ea5p v\\u00e0 sang tr\\u1ecdng h\\u00e0ng \\u0111\\u1ea7u\\r\\nngay t\\u1ea1i t\\u00f2a nh\\u00e0, bao g\\u1ed3m b\\u1ec3 b\\u01a1i v\\u00f4 c\\u1ef1c tr\\u00ean cao, nh\\u00e0 h\\u00e0ng cao c\\u1ea5p c\\u00f3 kh\\u1ea3 n\\u0103ng\\r\\nph\\u1ee5c v\\u1ee5 t\\u1edbi 300 kh\\u00e1ch c\\u00f9ng l\\u00fac. \\u0110\\u00e2y s\\u1ebd l\\u00e0 \\u0111\\u1ecba \\u0111i\\u1ec3m l\\u00fd t\\u01b0\\u1edfng \\u0111\\u1ec3 m\\u1ed7i ng\\u01b0\\u1eddi t\\u00ecm th\\u1ea5y\\r\\ns\\u1ef1 b\\u00ecnh y\\u00ean c\\u1ee7a k\\u1ef3 ngh\\u1ec9 d\\u01b0\\u1ee1ng khi \\u0111\\u1ed3ng th\\u1eddi v\\u1eabn tr\\u1ea3i nghi\\u1ec7m t\\u1ea5t c\\u1ea3 c\\u00e1c d\\u1ecbch v\\u1ee5\\r\\nch\\u1ea5t l\\u01b0\\u1ee3ng nh\\u1ea5t. V\\u1ecb tr\\u00ed Forest On The Sea Flamingo C\\u00e1t B\\u00e0 kh\\u00f4ng ch\\u1ec9 mang \\u0111\\u1ea7y\\r\\n\\u0111\\u1ee7 \\u01b0u \\u0111i\\u1ec3m c\\u1ee7a to\\u00e0n d\\u1ef1 \\u00e1n m\\u00e0 c\\u00f2n n\\u1ed5i b\\u1eadt h\\u01a1n khi l\\u00e0 t\\u00f2a n\\u1eb1m g\\u1ea7n \\u0111\\u01b0\\u1eddng ch\\u00ednh nh\\u1ea5t,\\r\\nr\\u1ea5t thu\\u1eadn ti\\u1ec7n \\u0111\\u1ec3 kh\\u00e1ch h\\u00e0ng di chuy\\u1ec3n \\u0111\\u1ebfn c\\u00e1c khu v\\u1ef1c xung quanh. \\r\\n                        \"},{\"vi\":\"\\r\\n                           Forest\\r\\nOn The Sea Flamingo C\\u00e1t B\\u00e0 \\u0111\\u01b0\\u1ee3c m\\u1ec7nh danh l\\u00e0 \\u201cT\\u00f2a nh\\u00e0 r\\u1ef1c r\\u1ee1 gi\\u1eefa bi\\u1ec3n xanh\\u201d mang\\r\\n\\u0111\\u1eb7c tr\\u01b0ng c\\u1ee7a bi\\u1ec3n v\\u00e0 r\\u1eebng. N\\u01a1i \\u0111\\u00e2y hi\\u1ec7n h\\u1eefu nh\\u01b0 m\\u1ed9t khu r\\u1eebng xanh v\\u1edbi chi\\u1ec1u\\r\\ncao \\u1ea5n t\\u01b0\\u1ee3ng thu\\u1ed9c khu v\\u1ef1c b\\u00e3i t\\u1eafm C\\u00e1t C\\u00f2 1, t\\u00f2a nh\\u00e0 Forest On The Sea l\\u00e0 t\\u1ed5 h\\u1ee3p\\r\\nc\\u1ee7a nh\\u1eefng c\\u0103n h\\u1ed9 ngh\\u1ec9 d\\u01b0\\u1ee1ng tr\\u00ean cao c\\u00f3 h\\u01b0\\u1edbng view ra bi\\u1ec3n C\\u00e1t B\\u00e0 tuy\\u1ec7t \\u0111\\u1eb9p. Forest\\r\\nOn The Sea c\\u00f3 di\\u1ec7n t\\u00edch 2.031 m2 v\\u00e0 m\\u1eadt \\u0111\\u1ed9 x\\u00e2y d\\u1ef1ng 64%, bao g\\u1ed3m 173 c\\u0103n h\\u1ed9. V\\u1edbi\\r\\nnh\\u1eefng c\\u0103n bi\\u1ec7t th\\u1ef1 tr\\u00ean cao ch\\u01b0a t\\u1eebng c\\u00f3 v\\u1eeba tinh t\\u1ebf, sang tr\\u1ecdng l\\u1ea1i v\\u1eeba h\\u00e0i\\r\\nh\\u00f2a v\\u1edbi thi\\u00ean nhi\\u00ean. V\\u1edbi phong c\\u00e1ch n\\u1ed9i th\\u1ea5t ti\\u1ec7n nghi c\\u00f9ng h\\u1ec7 th\\u1ed1ng c\\u00e2y xanh,\\r\\nv\\u01b0\\u1eddn treo h\\u00e0i h\\u00f2a, t\\u00f2a th\\u00e1p n\\u00e0y s\\u1ebd l\\u00e0 n\\u01a1i th\\u1ec3 hi\\u1ec7n \\u0111\\u1eb3ng c\\u1ea5p v\\u00e0 gu th\\u1ea9m m\\u1ef9 ho\\u00e0n\\r\\nh\\u1ea3o c\\u1ee7a c\\u00e1c ch\\u1ee7 nh\\u00e2n.\\r\\n\\r\\n\\r\\n\\r\\nB\\u00ean\\r\\nc\\u1ea1nh \\u0111\\u00f3, kh\\u00e1ch h\\u00e0ng c\\u00f3 th\\u1ec3 t\\u00ecm th\\u1ea5y nh\\u1eefng d\\u1ecbch v\\u1ee5 \\u0111\\u1eb3ng c\\u1ea5p v\\u00e0 sang tr\\u1ecdng h\\u00e0ng \\u0111\\u1ea7u\\r\\nngay t\\u1ea1i t\\u00f2a nh\\u00e0, bao g\\u1ed3m b\\u1ec3 b\\u01a1i v\\u00f4 c\\u1ef1c tr\\u00ean cao, nh\\u00e0 h\\u00e0ng cao c\\u1ea5p c\\u00f3 kh\\u1ea3 n\\u0103ng\\r\\nph\\u1ee5c v\\u1ee5 t\\u1edbi 300 kh\\u00e1ch c\\u00f9ng l\\u00fac. \\u0110\\u00e2y s\\u1ebd l\\u00e0 \\u0111\\u1ecba \\u0111i\\u1ec3m l\\u00fd t\\u01b0\\u1edfng \\u0111\\u1ec3 m\\u1ed7i ng\\u01b0\\u1eddi t\\u00ecm th\\u1ea5y\\r\\ns\\u1ef1 b\\u00ecnh y\\u00ean c\\u1ee7a k\\u1ef3 ngh\\u1ec9 d\\u01b0\\u1ee1ng khi \\u0111\\u1ed3ng th\\u1eddi v\\u1eabn tr\\u1ea3i nghi\\u1ec7m t\\u1ea5t c\\u1ea3 c\\u00e1c d\\u1ecbch v\\u1ee5\\r\\nch\\u1ea5t l\\u01b0\\u1ee3ng nh\\u1ea5t. V\\u1ecb tr\\u00ed Forest On The Sea Flamingo C\\u00e1t B\\u00e0 kh\\u00f4ng ch\\u1ec9 mang \\u0111\\u1ea7y\\r\\n\\u0111\\u1ee7 \\u01b0u \\u0111i\\u1ec3m c\\u1ee7a to\\u00e0n d\\u1ef1 \\u00e1n m\\u00e0 c\\u00f2n n\\u1ed5i b\\u1eadt h\\u01a1n khi l\\u00e0 t\\u00f2a n\\u1eb1m g\\u1ea7n \\u0111\\u01b0\\u1eddng ch\\u00ednh nh\\u1ea5t,\\r\\nr\\u1ea5t thu\\u1eadn ti\\u1ec7n \\u0111\\u1ec3 kh\\u00e1ch h\\u00e0ng di chuy\\u1ec3n \\u0111\\u1ebfn c\\u00e1c khu v\\u1ef1c xung quanh. \\r\\n                        \",\"en\":\"\\r\\n                           Forest\\r\\nOn The Sea Flamingo C\\u00e1t B\\u00e0 \\u0111\\u01b0\\u1ee3c m\\u1ec7nh danh l\\u00e0 \\u201cT\\u00f2a nh\\u00e0 r\\u1ef1c r\\u1ee1 gi\\u1eefa bi\\u1ec3n xanh\\u201d mang\\r\\n\\u0111\\u1eb7c tr\\u01b0ng c\\u1ee7a bi\\u1ec3n v\\u00e0 r\\u1eebng. N\\u01a1i \\u0111\\u00e2y hi\\u1ec7n h\\u1eefu nh\\u01b0 m\\u1ed9t khu r\\u1eebng xanh v\\u1edbi chi\\u1ec1u\\r\\ncao \\u1ea5n t\\u01b0\\u1ee3ng thu\\u1ed9c khu v\\u1ef1c b\\u00e3i t\\u1eafm C\\u00e1t C\\u00f2 1, t\\u00f2a nh\\u00e0 Forest On The Sea l\\u00e0 t\\u1ed5 h\\u1ee3p\\r\\nc\\u1ee7a nh\\u1eefng c\\u0103n h\\u1ed9 ngh\\u1ec9 d\\u01b0\\u1ee1ng tr\\u00ean cao c\\u00f3 h\\u01b0\\u1edbng view ra bi\\u1ec3n C\\u00e1t B\\u00e0 tuy\\u1ec7t \\u0111\\u1eb9p. Forest\\r\\nOn The Sea c\\u00f3 di\\u1ec7n t\\u00edch 2.031 m2 v\\u00e0 m\\u1eadt \\u0111\\u1ed9 x\\u00e2y d\\u1ef1ng 64%, bao g\\u1ed3m 173 c\\u0103n h\\u1ed9. V\\u1edbi\\r\\nnh\\u1eefng c\\u0103n bi\\u1ec7t th\\u1ef1 tr\\u00ean cao ch\\u01b0a t\\u1eebng c\\u00f3 v\\u1eeba tinh t\\u1ebf, sang tr\\u1ecdng l\\u1ea1i v\\u1eeba h\\u00e0i\\r\\nh\\u00f2a v\\u1edbi thi\\u00ean nhi\\u00ean. V\\u1edbi phong c\\u00e1ch n\\u1ed9i th\\u1ea5t ti\\u1ec7n nghi c\\u00f9ng h\\u1ec7 th\\u1ed1ng c\\u00e2y xanh,\\r\\nv\\u01b0\\u1eddn treo h\\u00e0i h\\u00f2a, t\\u00f2a th\\u00e1p n\\u00e0y s\\u1ebd l\\u00e0 n\\u01a1i th\\u1ec3 hi\\u1ec7n \\u0111\\u1eb3ng c\\u1ea5p v\\u00e0 gu th\\u1ea9m m\\u1ef9 ho\\u00e0n\\r\\nh\\u1ea3o c\\u1ee7a c\\u00e1c ch\\u1ee7 nh\\u00e2n.\\r\\n\\r\\n\\r\\n\\r\\nB\\u00ean\\r\\nc\\u1ea1nh \\u0111\\u00f3, kh\\u00e1ch h\\u00e0ng c\\u00f3 th\\u1ec3 t\\u00ecm th\\u1ea5y nh\\u1eefng d\\u1ecbch v\\u1ee5 \\u0111\\u1eb3ng c\\u1ea5p v\\u00e0 sang tr\\u1ecdng h\\u00e0ng \\u0111\\u1ea7u\\r\\nngay t\\u1ea1i t\\u00f2a nh\\u00e0, bao g\\u1ed3m b\\u1ec3 b\\u01a1i v\\u00f4 c\\u1ef1c tr\\u00ean cao, nh\\u00e0 h\\u00e0ng cao c\\u1ea5p c\\u00f3 kh\\u1ea3 n\\u0103ng\\r\\nph\\u1ee5c v\\u1ee5 t\\u1edbi 300 kh\\u00e1ch c\\u00f9ng l\\u00fac. \\u0110\\u00e2y s\\u1ebd l\\u00e0 \\u0111\\u1ecba \\u0111i\\u1ec3m l\\u00fd t\\u01b0\\u1edfng \\u0111\\u1ec3 m\\u1ed7i ng\\u01b0\\u1eddi t\\u00ecm th\\u1ea5y\\r\\ns\\u1ef1 b\\u00ecnh y\\u00ean c\\u1ee7a k\\u1ef3 ngh\\u1ec9 d\\u01b0\\u1ee1ng khi \\u0111\\u1ed3ng th\\u1eddi v\\u1eabn tr\\u1ea3i nghi\\u1ec7m t\\u1ea5t c\\u1ea3 c\\u00e1c d\\u1ecbch v\\u1ee5\\r\\nch\\u1ea5t l\\u01b0\\u1ee3ng nh\\u1ea5t. V\\u1ecb tr\\u00ed Forest On The Sea Flamingo C\\u00e1t B\\u00e0 kh\\u00f4ng ch\\u1ec9 mang \\u0111\\u1ea7y\\r\\n\\u0111\\u1ee7 \\u01b0u \\u0111i\\u1ec3m c\\u1ee7a to\\u00e0n d\\u1ef1 \\u00e1n m\\u00e0 c\\u00f2n n\\u1ed5i b\\u1eadt h\\u01a1n khi l\\u00e0 t\\u00f2a n\\u1eb1m g\\u1ea7n \\u0111\\u01b0\\u1eddng ch\\u00ednh nh\\u1ea5t,\\r\\nr\\u1ea5t thu\\u1eadn ti\\u1ec7n \\u0111\\u1ec3 kh\\u00e1ch h\\u00e0ng di chuy\\u1ec3n \\u0111\\u1ebfn c\\u00e1c khu v\\u1ef1c xung quanh. \\r\\n                        \"}],\"link_img_34\":[{\"vi\":\"\",\"en\":\"\"},{\"vi\":\"#\",\"en\":\"#\"},{\"vi\":\"\",\"en\":\"\"}],\"big_title35\":{\"vi\":\"\",\"en\":\"\"},\"img35\":[\"\\/photos\\/shares\\/icon\\/4-mua.png\",\"\\/photos\\/shares\\/icon\\/biet-thu-tren-cao.png\",\"\",\"\",\"\",\"\",\"\",\"\",\"\",\"\",\"\",\"\",\"\",\"\",\"\",\"\",\"\",\"\",\"\",\"\",\"\"],\"title35\":{\"vi\":[\"Forest on the Sea\",\"Forest on the Sea\",\"\",\"\",\"\",\"\",\"\",\"\",\"\",\"\",\"\",\"\",\"\",\"\",\"\",\"\",\"\",\"\",\"\",\"\",\"\"],\"en\":[\"Forest on the Sea\",\"Forest on the Sea\",\"\",\"\",\"\",\"\",\"\",\"\",\"\",\"\",\"\",\"\",\"\",\"\",\"\",\"\",\"\",\"\",\"\",\"\",\"\"]},\"description_35\":{\"vi\":[\"Forest on the Sea\\r\\nForest on the Sea\\r\\nForest on the Sea\",\"Forest on the Sea\\r\\nForest on the Sea\\r\\nForest on the Sea\",\"\",\"\",\"\",\"\",\"\",\"\",\"\",\"\",\"\",\"\",\"\",\"\",\"\",\"\",\"\",\"\",\"\",\"\",\"\"],\"en\":[\"Forest on the Sea\\r\\nForest on the Sea\\r\\nForest on the Sea\",\"Forest on the Sea\\r\\nForest on the Sea\\r\\nForest on the Sea\",\"\",\"\",\"\",\"\",\"\",\"\",\"\",\"\",\"\",\"\",\"\",\"\",\"\",\"\",\"\",\"\",\"\",\"\",\"\"]},\"big_title36\":{\"vi\":\"\",\"en\":\"\"},\"img36\":[\"\\/photos\\/3\\/tt-giai-tri-tren-bo-bien-2-jpgb8p5dlvu8fbg00besv0g.jpeg\",\"\\/photos\\/3\\/bar-bai-bien-jpgb8p5b3fu8fbg00besuvg.jpeg\",\"\",\"\",\"\",\"\",\"\",\"\",\"\",\"\",\"\",\"\",\"\",\"\",\"\",\"\",\"\",\"\",\"\",\"\",\"\"],\"title36\":{\"vi\":[\"Forest on the Sea Forest on the Sea Forest on the Sea\",\"Forest on the Sea Forest on the Sea Forest on the Sea\",\"\",\"\",\"\",\"\",\"\",\"\",\"\",\"\",\"\",\"\",\"\",\"\",\"\",\"\",\"\",\"\",\"\",\"\",\"\"],\"en\":[\"Forest on the Sea Forest on the Sea Forest on the Sea\",\"Forest on the Sea Forest on the Sea Forest on the Sea\",\"\",\"\",\"\",\"\",\"\",\"\",\"\",\"\",\"\",\"\",\"\",\"\",\"\",\"\",\"\",\"\",\"\",\"\",\"\"]},\"keyword\":{\"vi\":\"\",\"en\":\"\"},\"description\":{\"vi\":\"\",\"en\":\"\"}}', NULL, NULL, '2018-01-08 10:06:54', '2018-01-05 09:58:43'),
(130, 'https://images.jinn.vn/tong-the-swan-bay-jpgb9660d1ep98g00djl3lg.jpeg', NULL, NULL, 60, NULL, 0, NULL, 0, NULL, NULL, NULL, '2018-01-06 03:40:01', '2018-01-06 03:40:01'),
(131, 'https://images.jinn.vn/170816-small-villa-french-view-sau-45-do-1-jpgb965va9ep98g00djl2ng.jpeg', NULL, NULL, 60, NULL, 0, NULL, 0, NULL, NULL, NULL, '2018-01-06 04:00:27', '2018-01-06 04:00:27'),
(132, 'https://images.jinn.vn/slide2-jpgb965hvpep98g00djl21g.jpeg', NULL, NULL, 60, NULL, 0, NULL, 0, NULL, NULL, NULL, '2018-01-06 04:02:18', '2018-01-06 04:02:18'),
(133, 'https://images.jinn.vn/113334baoxaydung-image001-jpgb7fdqviu87mg00d600bg.jpeg', NULL, NULL, 63, NULL, 0, NULL, 0, NULL, NULL, NULL, '2018-01-06 04:06:16', '2018-01-06 04:06:16'),
(134, 'https://images.jinn.vn/224406baoxaydung-11-jpgb78rptvmhr5g00chkrvg.jpeg', NULL, NULL, 63, NULL, 0, NULL, 0, NULL, NULL, NULL, '2018-01-06 04:07:05', '2018-01-06 04:07:05'),
(135, 'https://images.jinn.vn/20170918114115-5b1e-jpgb748bhvmhr5g00chk5k0.jpeg', NULL, NULL, 63, NULL, 0, NULL, 0, NULL, NULL, NULL, '2018-01-06 04:07:55', '2018-01-06 04:07:55'),
(136, 'https://images.jinn.vn/xi-mang-bai-2-jpgb713ijvmhr5g00chjs2g.jpeg', NULL, NULL, 63, NULL, 0, 'highlight', 0, NULL, NULL, NULL, '2018-01-06 10:18:20', '2018-01-06 04:08:36'),
(137, 'https://images.jinn.vn/khai-thac-cat-bai-1-jpgb713h37mhr5g00chjrs0.jpeg', NULL, NULL, 63, NULL, 0, 'highlight', 0, NULL, NULL, NULL, '2018-01-06 10:18:13', '2018-01-06 04:09:21');

-- --------------------------------------------------------

--
-- Cấu trúc bảng cho bảng `news_data`
--

CREATE TABLE `news_data` (
  `id` bigint(15) NOT NULL,
  `news_id` int(11) DEFAULT '0',
  `language` varchar(10) COLLATE utf8_unicode_ci NOT NULL DEFAULT 'vi',
  `title` varchar(255) COLLATE utf8_unicode_ci DEFAULT NULL,
  `youtube_code` varchar(255) COLLATE utf8_unicode_ci DEFAULT NULL,
  `sluggable` varchar(256) COLLATE utf8_unicode_ci DEFAULT NULL,
  `content` longtext COLLATE utf8_unicode_ci,
  `landingpage_data` longtext COLLATE utf8_unicode_ci,
  `summary` text COLLATE utf8_unicode_ci,
  `keyword` text COLLATE utf8_unicode_ci,
  `description` text COLLATE utf8_unicode_ci,
  `updated_at` timestamp NOT NULL DEFAULT CURRENT_TIMESTAMP ON UPDATE CURRENT_TIMESTAMP,
  `created_at` timestamp NOT NULL DEFAULT '0000-00-00 00:00:00'
) ENGINE=InnoDB DEFAULT CHARSET=utf8 COLLATE=utf8_unicode_ci;

--
-- Đang đổ dữ liệu cho bảng `news_data`
--

INSERT INTO `news_data` (`id`, `news_id`, `language`, `title`, `youtube_code`, `sluggable`, `content`, `landingpage_data`, `summary`, `keyword`, `description`, `updated_at`, `created_at`) VALUES
(110, 126, 'vi', 'Cô giáo nhận giải thưởng Phụ nữ Việt Nam 2017', NULL, 'co-giao-nhan-giai-thuong-phu-nu-viet-nam-2017', '<div id=\"landBlock01\" data-src=\"/photos/3/bar-bai-bien-jpgb8p5b3fu8fbg00besuvg.jpeg\"  class=\"background-detail1 lazyImage\" >\r\n                                    <div class=\"content-detail1\">\r\n                                        <div class=\"background-content-detail1\">\r\n                                            <h2>Flamingo</h2>\r\n                                            <div class=\"text-content-detail1\">Dưới thời tiết giá lạnh ở Thượng Hải, U23 Việt Nam khiến U23 Palestine phải ngỡ ngàng.</div>\r\n                                        </div>\r\n                                    </div>\r\n                                </div><div id=\"landBlock03\" class=\"content-section3\" id=\"groundProject\">\r\n                                    <div class=\"background-detail3\">\r\n                                        <div class=\"title-content-section3\">\r\n                                            <h2>block 03</h2>\r\n                                        </div>\r\n                                        <div class=\"content-matBangDuAn\">\r\n                                <div class=\"block-map\">\r\n                                    <img data-src=\"/photos/3/gt1-jpgb8l6f5iuumfg00at1uug.jpeg\" data-loaded=\"0\" usemap=\"#planetmap1\" class=\"img-responsive map lazyImage\" id=\"project-map\"/>\r\n                                </div>\r\n                            </div>\r\n                                        <div class=\"note-matBangDuAn\">\r\n                                            <div class=\"loaiBietThu\">\r\n                                                <div class=\"content-LSP\">\r\n                                                    <p>Dưới thời tiết giá lạnh ở Thượng Hải, U23 Việt Nam khiến U23 Palestine phải ngỡ ngàng.</p>\r\n                                                </div>\r\n                                            </div>\r\n                                        </div>\r\n                                    </div>\r\n                                </div>', NULL, NULL, NULL, NULL, '2018-01-08 09:21:30', '2018-01-04 08:33:26'),
(111, 126, 'en', 'Happy birthday Hanotech 10 year', NULL, 'happy-birthday-hanotech-10-year', '<div id=\"landBlock01\" data-src=\"/photos/3/bar-bai-bien-jpgb8p5b3fu8fbg00besuvg.jpeg\"  class=\"background-detail1 lazyImage\" >\r\n                                    <div class=\"content-detail1\">\r\n                                        <div class=\"background-content-detail1\">\r\n                                            <h2>Flamingo</h2>\r\n                                            <div class=\"text-content-detail1\">Dưới thời tiết giá lạnh ở Thượng Hải, U23 Việt Nam khiến U23 Palestine phải ngỡ ngàng.</div>\r\n                                        </div>\r\n                                    </div>\r\n                                </div><div id=\"landBlock03\" class=\"content-section3\" id=\"groundProject\">\r\n                                    <div class=\"background-detail3\">\r\n                                        <div class=\"title-content-section3\">\r\n                                            <h2>block 03</h2>\r\n                                        </div>\r\n                                        <div class=\"content-matBangDuAn\">\r\n                                <div class=\"block-map\">\r\n                                    <img data-src=\"/photos/3/gt1-jpgb8l6f5iuumfg00at1uug.jpeg\" data-loaded=\"0\" usemap=\"#planetmap1\" class=\"img-responsive map lazyImage\" id=\"project-map\"/>\r\n                                </div>\r\n                            </div>\r\n                                        <div class=\"note-matBangDuAn\">\r\n                                            <div class=\"loaiBietThu\">\r\n                                                <div class=\"content-LSP\">\r\n                                                    <p>Dưới thời tiết giá lạnh ở Thượng Hải, U23 Việt Nam khiến U23 Palestine phải ngỡ ngàng.</p>\r\n                                                </div>\r\n                                            </div>\r\n                                        </div>\r\n                                    </div>\r\n                                </div>', NULL, NULL, NULL, NULL, '2018-01-08 09:21:30', '2018-01-04 08:33:26'),
(112, 128, 'vi', '123', NULL, '123', NULL, NULL, NULL, NULL, NULL, '2018-01-05 09:55:53', '2018-01-05 09:55:53'),
(113, 128, 'en', '123', NULL, '123', NULL, NULL, NULL, NULL, NULL, '2018-01-05 09:55:53', '2018-01-05 09:55:53'),
(114, 129, 'vi', 'Flamingo Cát Bà Beach Resort', NULL, 'flamingo-cat-ba-beach-resort', '<div id=\"landBlock01\" data-src=\"/photos/3/9-jpgb8l5lsquumfg00at1tag.jpeg\"  class=\"background-detail1 lazyImage\" >\r\n                                    <div class=\"content-detail1\">\r\n                                        <div class=\"background-content-detail1\">\r\n                                            <h2>Flamingo Cát Bà Beach Resort</h2>\r\n                                            <div class=\"text-content-detail1\">Flamingo Cát Bà Beach Resort sở hữu vị trí đắc địa trên bãi biển đẹp nhất của Cát Bà, với kiến trúc siêu phẩm “Cả tòa nhà là một cánh rừng, cả tòa nhà là một vườn hoa” cùng với vô vàn tiện ích 5 sao vượt trội, là một nơi phong thủy cát tường vượng lộc cho chủ nhân, xứng tầm là “ Bản Giao hưởng 4 mùa, khúc ca tuyệt vời giao hòa trời biển</div>\r\n                                        </div>\r\n                                    </div>\r\n                                </div><div id=\"landBlock02\" class=\"content-tongQuanDuAn\" id=\"detailSurvey\">\r\n                                    <div data-src=\"/jinnV2/images/img/background-d2.jpg?v=0.9.0.4\" class=\"background-tongQuanDuAn lazyImage\">\r\n                                    <div class=\"background-section2-left\">\r\n                                <div class=\"title-section2-Responsive\">\r\n                                    <h2 class=\"h2Left\">Mặt bằng dự án</h2>\r\n                                    <h2 class=\"h2Right\"></h2>\r\n                                </div>\r\n                                <div class=\"content-section2-left\">\r\n                                    <div class=\"title-section2-left\">\r\n                                        <h2>Mặt bằng dự án</h2>\r\n                                    </div>\r\n                                    <div class=\"content-tabs-section2\">\r\n                                        <div class=\"cnt-tabsSection2\">\r\n                                            <ul role=\"tablist\" class=\"nav nav-tabs\">\r\n                                                <li class=\"nav-item active\"></li>\r\n                                            </ul>\r\n                                        </div>\r\n                                        <!-- Tab panes-->\r\n                                        <div class=\"tab-content\">\r\n                                            <div id=\"tong_quan\" role=\"tabpanel\" class=\"tab-pane active\">\r\n                                                <div class=\"description active\">\r\n                                                    <div class=\"short\" style=\"overflow: hidden;\">\r\n                                                        <p class=\"MsoNormal\" style=\"text-align:justify;\">\r\n                                                            <span style=\"font-size:12pt;line-height:115%;font-family:\'Times New Roman\', serif;\"></span>\r\n                                                        </p>\r\n                                                    </div>\r\n                                                    <div class=\"xemthem-section2\">\r\n                                                        <div class=\"long projectline style-scroll\" style=\"overflow-y:scroll ; \">\r\n                                                            <p class=\"MsoNormal\" style=\"text-align:justify;\">\r\n                                                                <span style=\"font-size:12pt;line-height:115%;font-family:\'Times New Roman\', serif;\"></span></p>\r\n                                                        </div>\r\n                                                        <div class=\"more-link\">\r\n                                                            <a class=\"link\" data-collapse=\"1\" data-rg=\"Rút gọn\" data-xt=\"Xem thêm\" >Xem thêm</a><i aria-hidden=\"true\" class=\"fa fa-angle-right\"></i>\r\n                                                        </div>\r\n                                                    </div>\r\n                                                </div>\r\n                                            </div>\r\n                                        </div>\r\n                                    </div>\r\n                                </div>\r\n                            </div>\r\n                            <div class=\"background-section2-right\">\r\n                                <div class=\"content-section2-right\">\r\n                                    <div class=\"title-section2-right\">\r\n                                        <h2>&nbsp;</h2>\r\n                                    </div>\r\n                                </div>\r\n                            </div><div class=\"content-sliderSlick-detail2\">\r\n                                <div class=\"slider-detail2\">\r\n                                    <div data-src=\"https://images.jinn.vn/9-jpgb8l5lsquumfg00at1tag.jpeg\" class=\"item-slider-detail2 lazyImage\"></div><div data-src=\"https://images.jinn.vn/1-jpgb8l5ltiuumfg00at1tb0.jpeg\" class=\"item-slider-detail2 lazyImage\"></div>\r\n                                </div>\r\n                            </div>\r\n                                    </div>\r\n                                </div><div id=\"landBlock03\" class=\"content-section3\" id=\"groundProject\">\r\n                                    <div class=\"background-detail3\">\r\n                                        <div class=\"title-content-section3\">\r\n                                            <h2>Forest on the Sea</h2>\r\n                                        </div>\r\n                                        <div class=\"content-matBangDuAn\">\r\n                                <div class=\"block-map\">\r\n                                    <img data-src=\"/photos/3/gt1-jpgb8l6f5iuumfg00at1uug.jpeg\" data-loaded=\"0\" usemap=\"#planetmap1\" class=\"img-responsive map lazyImage\" id=\"project-map\"/>\r\n                                </div>\r\n                            </div>\r\n                                        <div class=\"note-matBangDuAn\">\r\n                                            <div class=\"loaiBietThu\">\r\n                                                <div class=\"content-LSP\">\r\n                                                    <p></p>\r\n                                                </div>\r\n                                            </div>\r\n                                        </div>\r\n                                    </div>\r\n                                </div><div id=\"landBlock04\" class=\"content-phanKhu\">\r\n                                <div class=\"background-phanKhu\">\r\n                                    <div class=\"content-slickSliderPhanKhu\"><div onclick=\'loadPageBLockInMobile(\"https://images.jinn.vn/f1-jpgb8l5qgauumfg00at1td0.jpeg\")\' \r\n                                class=\"item-slickSliderPhanKhu\" \r\n                                style=\"background-image: url(\'https://images.jinn.vn/f1-jpgb8l5qgauumfg00at1td0.jpeg\')\">\r\n                               <div class=\"infor-itemPhanKhu\">\r\n                                   <h2 title=\"Forest on the Sea\">Forest on the Sea</h2>\r\n                                   <div class=\"excerpt-itemPhanKhu\">\r\n                                       Forest<br />\r\nOn The Sea Flamingo Cát Bà được mệnh danh là “Tòa nhà rực rỡ giữa biển xanh” mang<br />\r\nđặc trưng của biển và rừng. Nơi đây hiện hữu như một khu rừng xanh với chiều<br />\r\ncao ấn tượng thuộc khu vực bãi tắm Cát Cò 1, tòa nhà Forest On The Sea là tổ hợp<br />\r\ncủa những căn hộ nghỉ dưỡng trên cao có hướng view ra biển Cát Bà tuyệt đẹp. Forest<br />\r\nOn The Sea có diện tích 2.031 m2 và mật độ xây dựng 64%, bao gồm 173 căn hộ. Với<br />\r\nnhững căn biệt thự trên cao chưa từng có vừa tinh tế, sang trọng lại vừa hài<br />\r\nhòa với thiên nhiên. Với phong cách nội thất tiện nghi cùng hệ thống cây xanh,<br />\r\nvườn treo hài hòa, tòa tháp này sẽ là nơi thể hiện đẳng cấp và gu thẩm mỹ hoàn<br />\r\nhảo của các chủ nhân.<br />\r\n<br />\r\n<br />\r\n<br />\r\nBên<br />\r\ncạnh đó, khách hàng có thể tìm thấy những dịch vụ đẳng cấp và sang trọng hàng đầu<br />\r\nngay tại tòa nhà, bao gồm bể bơi vô cực trên cao, nhà hàng cao cấp có khả năng<br />\r\nphục vụ tới 300 khách cùng lúc. Đây sẽ là địa điểm lý tưởng để mỗi người tìm thấy<br />\r\nsự bình yên của kỳ nghỉ dưỡng khi đồng thời vẫn trải nghiệm tất cả các dịch vụ<br />\r\nchất lượng nhất. Vị trí Forest On The Sea Flamingo Cát Bà không chỉ mang đầy<br />\r\nđủ ưu điểm của toàn dự án mà còn nổi bật hơn khi là tòa nằm gần đường chính nhất,<br />\r\nrất thuận tiện để khách hàng di chuyển đến các khu vực xung quanh.\r\n                                   </div>\r\n                               </div>\r\n                               <div class=\"link-itemPhanKhu\">\r\n                                   <div class=\"link-cnt-PK\">\r\n                                       <a href=\"\">\r\n                                           <img src=\"/frontend/images/icon/link-PK0995.png\" alt=\"\">\r\n                                       </a>\r\n                                   </div>\r\n                               </div>\r\n                           </div><div onclick=\'loadPageBLockInMobile(\"https://images.jinn.vn/f1-jpgb8l5qgauumfg00at1td0.jpeg\")\' \r\n                                class=\"item-slickSliderPhanKhu\" \r\n                                style=\"background-image: url(\'https://images.jinn.vn/f1-jpgb8l5qgauumfg00at1td0.jpeg\')\">\r\n                               <div class=\"infor-itemPhanKhu\">\r\n                                   <h2 title=\"Forest on the Sea\">Forest on the Sea</h2>\r\n                                   <div class=\"excerpt-itemPhanKhu\">\r\n                                       Forest<br />\r\nOn The Sea Flamingo Cát Bà được mệnh danh là “Tòa nhà rực rỡ giữa biển xanh” mang<br />\r\nđặc trưng của biển và rừng. Nơi đây hiện hữu như một khu rừng xanh với chiều<br />\r\ncao ấn tượng thuộc khu vực bãi tắm Cát Cò 1, tòa nhà Forest On The Sea là tổ hợp<br />\r\ncủa những căn hộ nghỉ dưỡng trên cao có hướng view ra biển Cát Bà tuyệt đẹp. Forest<br />\r\nOn The Sea có diện tích 2.031 m2 và mật độ xây dựng 64%, bao gồm 173 căn hộ. Với<br />\r\nnhững căn biệt thự trên cao chưa từng có vừa tinh tế, sang trọng lại vừa hài<br />\r\nhòa với thiên nhiên. Với phong cách nội thất tiện nghi cùng hệ thống cây xanh,<br />\r\nvườn treo hài hòa, tòa tháp này sẽ là nơi thể hiện đẳng cấp và gu thẩm mỹ hoàn<br />\r\nhảo của các chủ nhân.<br />\r\n<br />\r\n<br />\r\n<br />\r\nBên<br />\r\ncạnh đó, khách hàng có thể tìm thấy những dịch vụ đẳng cấp và sang trọng hàng đầu<br />\r\nngay tại tòa nhà, bao gồm bể bơi vô cực trên cao, nhà hàng cao cấp có khả năng<br />\r\nphục vụ tới 300 khách cùng lúc. Đây sẽ là địa điểm lý tưởng để mỗi người tìm thấy<br />\r\nsự bình yên của kỳ nghỉ dưỡng khi đồng thời vẫn trải nghiệm tất cả các dịch vụ<br />\r\nchất lượng nhất. Vị trí Forest On The Sea Flamingo Cát Bà không chỉ mang đầy<br />\r\nđủ ưu điểm của toàn dự án mà còn nổi bật hơn khi là tòa nằm gần đường chính nhất,<br />\r\nrất thuận tiện để khách hàng di chuyển đến các khu vực xung quanh.\r\n                                   </div>\r\n                               </div>\r\n                               <div class=\"link-itemPhanKhu\">\r\n                                   <div class=\"link-cnt-PK\">\r\n                                       <a href=\"#\">\r\n                                           <img src=\"/frontend/images/icon/link-PK0995.png\" alt=\"\">\r\n                                       </a>\r\n                                   </div>\r\n                               </div>\r\n                           </div><div onclick=\'loadPageBLockInMobile(\"https://images.jinn.vn/f1-jpgb8l5qgauumfg00at1td0.jpeg\")\' \r\n                                class=\"item-slickSliderPhanKhu\" \r\n                                style=\"background-image: url(\'https://images.jinn.vn/f1-jpgb8l5qgauumfg00at1td0.jpeg\')\">\r\n                               <div class=\"infor-itemPhanKhu\">\r\n                                   <h2 title=\"Forest on the Sea\">Forest on the Sea</h2>\r\n                                   <div class=\"excerpt-itemPhanKhu\">\r\n                                       Forest<br />\r\nOn The Sea Flamingo Cát Bà được mệnh danh là “Tòa nhà rực rỡ giữa biển xanh” mang<br />\r\nđặc trưng của biển và rừng. Nơi đây hiện hữu như một khu rừng xanh với chiều<br />\r\ncao ấn tượng thuộc khu vực bãi tắm Cát Cò 1, tòa nhà Forest On The Sea là tổ hợp<br />\r\ncủa những căn hộ nghỉ dưỡng trên cao có hướng view ra biển Cát Bà tuyệt đẹp. Forest<br />\r\nOn The Sea có diện tích 2.031 m2 và mật độ xây dựng 64%, bao gồm 173 căn hộ. Với<br />\r\nnhững căn biệt thự trên cao chưa từng có vừa tinh tế, sang trọng lại vừa hài<br />\r\nhòa với thiên nhiên. Với phong cách nội thất tiện nghi cùng hệ thống cây xanh,<br />\r\nvườn treo hài hòa, tòa tháp này sẽ là nơi thể hiện đẳng cấp và gu thẩm mỹ hoàn<br />\r\nhảo của các chủ nhân.<br />\r\n<br />\r\n<br />\r\n<br />\r\nBên<br />\r\ncạnh đó, khách hàng có thể tìm thấy những dịch vụ đẳng cấp và sang trọng hàng đầu<br />\r\nngay tại tòa nhà, bao gồm bể bơi vô cực trên cao, nhà hàng cao cấp có khả năng<br />\r\nphục vụ tới 300 khách cùng lúc. Đây sẽ là địa điểm lý tưởng để mỗi người tìm thấy<br />\r\nsự bình yên của kỳ nghỉ dưỡng khi đồng thời vẫn trải nghiệm tất cả các dịch vụ<br />\r\nchất lượng nhất. Vị trí Forest On The Sea Flamingo Cát Bà không chỉ mang đầy<br />\r\nđủ ưu điểm của toàn dự án mà còn nổi bật hơn khi là tòa nằm gần đường chính nhất,<br />\r\nrất thuận tiện để khách hàng di chuyển đến các khu vực xung quanh.\r\n                                   </div>\r\n                               </div>\r\n                               <div class=\"link-itemPhanKhu\">\r\n                                   <div class=\"link-cnt-PK\">\r\n                                       <a href=\"\">\r\n                                           <img src=\"/frontend/images/icon/link-PK0995.png\" alt=\"\">\r\n                                       </a>\r\n                                   </div>\r\n                               </div>\r\n                           </div></div>\r\n                                </div>\r\n                            </div><div id=\"landBlock05\" class=\"content-section4\" id=\"reasonChooseProject\">\r\n                            <div class=\"background-detail4\"><div class=\"content-lyDoLuaChon\"><div class=\"item-lyDoLuaChon\">\r\n                                    <div class=\"thumbnail-lyDoLuaChon\">\r\n                                        <div class=\"item-img4\">\r\n                                            <img data-src=\"/photos/shares/icon/4-mua.png\" style=\"max-height: 100px;max-width: 100px;\" class=\"lazyImage\">\r\n                                        </div>\r\n                                    </div>\r\n                                    <div class=\"item-textLyDoLuaChon\">\r\n                                        <div class=\"item-infor4\">\r\n                                            <h3>Forest on the Sea</h3>\r\n                                            <p>Forest on the Sea\r\nForest on the Sea\r\nForest on the Sea</p>\r\n                                        </div>\r\n                                    </div>\r\n                                </div><div class=\"item-lyDoLuaChon\">\r\n                                    <div class=\"thumbnail-lyDoLuaChon\">\r\n                                        <div class=\"item-img4\">\r\n                                            <img data-src=\"/photos/shares/icon/biet-thu-tren-cao.png\" style=\"max-height: 100px;max-width: 100px;\" class=\"lazyImage\">\r\n                                        </div>\r\n                                    </div>\r\n                                    <div class=\"item-textLyDoLuaChon\">\r\n                                        <div class=\"item-infor4\">\r\n                                            <h3>Forest on the Sea</h3>\r\n                                            <p>Forest on the Sea\r\nForest on the Sea\r\nForest on the Sea</p>\r\n                                        </div>\r\n                                    </div>\r\n                                </div></div></div></div><div id=\"landBlock06\" class=\"content-section5\">\r\n                        <div class=\"background-detail5\"><div class=\"content-detail5\"><div class=\"item-utility utility1\">\r\n                                    <div class=\"cnt-item-utility\">\r\n                                        <div data-src=\"/photos/3/tt-giai-tri-tren-bo-bien-2-jpgb8p5dlvu8fbg00besv0g.jpeg\" class=\"lazyImage background-images-item\">\r\n                                            <span>\r\n                                                <p>Forest on the Sea Forest on the Sea Forest on the Sea</p>\r\n                                            </span>\r\n                                        </div>\r\n                                    </div>\r\n                                </div><div class=\"item-utility utility2\">\r\n                                    <div class=\"cnt-item-utility\">\r\n                                        <div data-src=\"/photos/3/bar-bai-bien-jpgb8p5b3fu8fbg00besuvg.jpeg\" class=\"lazyImage background-images-item\">\r\n                                            <span>\r\n                                                <p>Forest on the Sea Forest on the Sea Forest on the Sea</p>\r\n                                            </span>\r\n                                        </div>\r\n                                    </div>\r\n                                </div></div></div></div>', NULL, NULL, NULL, NULL, '2018-01-08 10:06:54', '2018-01-05 09:58:43'),
(115, 129, 'en', 'Flamingo Cát Bà Beach Resort', NULL, 'flamingo-cat-ba-beach-resort', '<div id=\"landBlock01\" data-src=\"/photos/3/9-jpgb8l5lsquumfg00at1tag.jpeg\"  class=\"background-detail1 lazyImage\" >\r\n                                    <div class=\"content-detail1\">\r\n                                        <div class=\"background-content-detail1\">\r\n                                            <h2>Flamingo Cát Bà Beach Resort</h2>\r\n                                            <div class=\"text-content-detail1\">Flamingo Cát Bà Beach Resort sở hữu vị trí đắc địa trên bãi biển đẹp nhất của Cát Bà, với kiến trúc siêu phẩm “Cả tòa nhà là một cánh rừng, cả tòa nhà là một vườn hoa” cùng với vô vàn tiện ích 5 sao vượt trội, là một nơi phong thủy cát tường vượng lộc cho chủ nhân, xứng tầm là “ Bản Giao hưởng 4 mùa, khúc ca tuyệt vời giao hòa trời biển</div>\r\n                                        </div>\r\n                                    </div>\r\n                                </div><div id=\"landBlock02\" class=\"content-tongQuanDuAn\" id=\"detailSurvey\">\r\n                                    <div data-src=\"/jinnV2/images/img/background-d2.jpg?v=0.9.0.4\" class=\"background-tongQuanDuAn lazyImage\">\r\n                                    <div class=\"background-section2-left\">\r\n                                <div class=\"title-section2-Responsive\">\r\n                                    <h2 class=\"h2Left\">Mặt bằng dự án</h2>\r\n                                    <h2 class=\"h2Right\"></h2>\r\n                                </div>\r\n                                <div class=\"content-section2-left\">\r\n                                    <div class=\"title-section2-left\">\r\n                                        <h2>Mặt bằng dự án</h2>\r\n                                    </div>\r\n                                    <div class=\"content-tabs-section2\">\r\n                                        <div class=\"cnt-tabsSection2\">\r\n                                            <ul role=\"tablist\" class=\"nav nav-tabs\">\r\n                                                <li class=\"nav-item active\"></li>\r\n                                            </ul>\r\n                                        </div>\r\n                                        <!-- Tab panes-->\r\n                                        <div class=\"tab-content\">\r\n                                            <div id=\"tong_quan\" role=\"tabpanel\" class=\"tab-pane active\">\r\n                                                <div class=\"description active\">\r\n                                                    <div class=\"short\" style=\"overflow: hidden;\">\r\n                                                        <p class=\"MsoNormal\" style=\"text-align:justify;\">\r\n                                                            <span style=\"font-size:12pt;line-height:115%;font-family:\'Times New Roman\', serif;\"></span>\r\n                                                        </p>\r\n                                                    </div>\r\n                                                    <div class=\"xemthem-section2\">\r\n                                                        <div class=\"long projectline style-scroll\" style=\"overflow-y:scroll ; \">\r\n                                                            <p class=\"MsoNormal\" style=\"text-align:justify;\">\r\n                                                                <span style=\"font-size:12pt;line-height:115%;font-family:\'Times New Roman\', serif;\"></span></p>\r\n                                                        </div>\r\n                                                        <div class=\"more-link\">\r\n                                                            <a class=\"link\" data-collapse=\"1\" data-rg=\"Rút gọn\" data-xt=\"Xem thêm\" >Xem thêm</a><i aria-hidden=\"true\" class=\"fa fa-angle-right\"></i>\r\n                                                        </div>\r\n                                                    </div>\r\n                                                </div>\r\n                                            </div>\r\n                                        </div>\r\n                                    </div>\r\n                                </div>\r\n                            </div>\r\n                            <div class=\"background-section2-right\">\r\n                                <div class=\"content-section2-right\">\r\n                                    <div class=\"title-section2-right\">\r\n                                        <h2>&nbsp;</h2>\r\n                                    </div>\r\n                                </div>\r\n                            </div><div class=\"content-sliderSlick-detail2\">\r\n                                <div class=\"slider-detail2\">\r\n                                    <div data-src=\"https://images.jinn.vn/9-jpgb8l5lsquumfg00at1tag.jpeg\" class=\"item-slider-detail2 lazyImage\"></div><div data-src=\"https://images.jinn.vn/1-jpgb8l5ltiuumfg00at1tb0.jpeg\" class=\"item-slider-detail2 lazyImage\"></div>\r\n                                </div>\r\n                            </div>\r\n                                    </div>\r\n                                </div><div id=\"landBlock03\" class=\"content-section3\" id=\"groundProject\">\r\n                                    <div class=\"background-detail3\">\r\n                                        <div class=\"title-content-section3\">\r\n                                            <h2>Forest on the Sea</h2>\r\n                                        </div>\r\n                                        <div class=\"content-matBangDuAn\">\r\n                                <div class=\"block-map\">\r\n                                    <img data-src=\"/photos/3/gt1-jpgb8l6f5iuumfg00at1uug.jpeg\" data-loaded=\"0\" usemap=\"#planetmap1\" class=\"img-responsive map lazyImage\" id=\"project-map\"/>\r\n                                </div>\r\n                            </div>\r\n                                        <div class=\"note-matBangDuAn\">\r\n                                            <div class=\"loaiBietThu\">\r\n                                                <div class=\"content-LSP\">\r\n                                                    <p></p>\r\n                                                </div>\r\n                                            </div>\r\n                                        </div>\r\n                                    </div>\r\n                                </div><div id=\"landBlock04\" class=\"content-phanKhu\">\r\n                                <div class=\"background-phanKhu\">\r\n                                    <div class=\"content-slickSliderPhanKhu\"><div onclick=\'loadPageBLockInMobile(\"https://images.jinn.vn/f1-jpgb8l5qgauumfg00at1td0.jpeg\")\' \r\n                                class=\"item-slickSliderPhanKhu\" \r\n                                style=\"background-image: url(\'https://images.jinn.vn/f1-jpgb8l5qgauumfg00at1td0.jpeg\')\">\r\n                               <div class=\"infor-itemPhanKhu\">\r\n                                   <h2 title=\"Forest on the Sea\">Forest on the Sea</h2>\r\n                                   <div class=\"excerpt-itemPhanKhu\">\r\n                                       Forest<br />\r\nOn The Sea Flamingo Cát Bà được mệnh danh là “Tòa nhà rực rỡ giữa biển xanh” mang<br />\r\nđặc trưng của biển và rừng. Nơi đây hiện hữu như một khu rừng xanh với chiều<br />\r\ncao ấn tượng thuộc khu vực bãi tắm Cát Cò 1, tòa nhà Forest On The Sea là tổ hợp<br />\r\ncủa những căn hộ nghỉ dưỡng trên cao có hướng view ra biển Cát Bà tuyệt đẹp. Forest<br />\r\nOn The Sea có diện tích 2.031 m2 và mật độ xây dựng 64%, bao gồm 173 căn hộ. Với<br />\r\nnhững căn biệt thự trên cao chưa từng có vừa tinh tế, sang trọng lại vừa hài<br />\r\nhòa với thiên nhiên. Với phong cách nội thất tiện nghi cùng hệ thống cây xanh,<br />\r\nvườn treo hài hòa, tòa tháp này sẽ là nơi thể hiện đẳng cấp và gu thẩm mỹ hoàn<br />\r\nhảo của các chủ nhân.<br />\r\n<br />\r\n<br />\r\n<br />\r\nBên<br />\r\ncạnh đó, khách hàng có thể tìm thấy những dịch vụ đẳng cấp và sang trọng hàng đầu<br />\r\nngay tại tòa nhà, bao gồm bể bơi vô cực trên cao, nhà hàng cao cấp có khả năng<br />\r\nphục vụ tới 300 khách cùng lúc. Đây sẽ là địa điểm lý tưởng để mỗi người tìm thấy<br />\r\nsự bình yên của kỳ nghỉ dưỡng khi đồng thời vẫn trải nghiệm tất cả các dịch vụ<br />\r\nchất lượng nhất. Vị trí Forest On The Sea Flamingo Cát Bà không chỉ mang đầy<br />\r\nđủ ưu điểm của toàn dự án mà còn nổi bật hơn khi là tòa nằm gần đường chính nhất,<br />\r\nrất thuận tiện để khách hàng di chuyển đến các khu vực xung quanh.\r\n                                   </div>\r\n                               </div>\r\n                               <div class=\"link-itemPhanKhu\">\r\n                                   <div class=\"link-cnt-PK\">\r\n                                       <a href=\"\">\r\n                                           <img src=\"/frontend/images/icon/link-PK0995.png\" alt=\"\">\r\n                                       </a>\r\n                                   </div>\r\n                               </div>\r\n                           </div><div onclick=\'loadPageBLockInMobile(\"https://images.jinn.vn/f1-jpgb8l5qgauumfg00at1td0.jpeg\")\' \r\n                                class=\"item-slickSliderPhanKhu\" \r\n                                style=\"background-image: url(\'https://images.jinn.vn/f1-jpgb8l5qgauumfg00at1td0.jpeg\')\">\r\n                               <div class=\"infor-itemPhanKhu\">\r\n                                   <h2 title=\"Forest on the Sea\">Forest on the Sea</h2>\r\n                                   <div class=\"excerpt-itemPhanKhu\">\r\n                                       Forest<br />\r\nOn The Sea Flamingo Cát Bà được mệnh danh là “Tòa nhà rực rỡ giữa biển xanh” mang<br />\r\nđặc trưng của biển và rừng. Nơi đây hiện hữu như một khu rừng xanh với chiều<br />\r\ncao ấn tượng thuộc khu vực bãi tắm Cát Cò 1, tòa nhà Forest On The Sea là tổ hợp<br />\r\ncủa những căn hộ nghỉ dưỡng trên cao có hướng view ra biển Cát Bà tuyệt đẹp. Forest<br />\r\nOn The Sea có diện tích 2.031 m2 và mật độ xây dựng 64%, bao gồm 173 căn hộ. Với<br />\r\nnhững căn biệt thự trên cao chưa từng có vừa tinh tế, sang trọng lại vừa hài<br />\r\nhòa với thiên nhiên. Với phong cách nội thất tiện nghi cùng hệ thống cây xanh,<br />\r\nvườn treo hài hòa, tòa tháp này sẽ là nơi thể hiện đẳng cấp và gu thẩm mỹ hoàn<br />\r\nhảo của các chủ nhân.<br />\r\n<br />\r\n<br />\r\n<br />\r\nBên<br />\r\ncạnh đó, khách hàng có thể tìm thấy những dịch vụ đẳng cấp và sang trọng hàng đầu<br />\r\nngay tại tòa nhà, bao gồm bể bơi vô cực trên cao, nhà hàng cao cấp có khả năng<br />\r\nphục vụ tới 300 khách cùng lúc. Đây sẽ là địa điểm lý tưởng để mỗi người tìm thấy<br />\r\nsự bình yên của kỳ nghỉ dưỡng khi đồng thời vẫn trải nghiệm tất cả các dịch vụ<br />\r\nchất lượng nhất. Vị trí Forest On The Sea Flamingo Cát Bà không chỉ mang đầy<br />\r\nđủ ưu điểm của toàn dự án mà còn nổi bật hơn khi là tòa nằm gần đường chính nhất,<br />\r\nrất thuận tiện để khách hàng di chuyển đến các khu vực xung quanh.\r\n                                   </div>\r\n                               </div>\r\n                               <div class=\"link-itemPhanKhu\">\r\n                                   <div class=\"link-cnt-PK\">\r\n                                       <a href=\"#\">\r\n                                           <img src=\"/frontend/images/icon/link-PK0995.png\" alt=\"\">\r\n                                       </a>\r\n                                   </div>\r\n                               </div>\r\n                           </div><div onclick=\'loadPageBLockInMobile(\"https://images.jinn.vn/f1-jpgb8l5qgauumfg00at1td0.jpeg\")\' \r\n                                class=\"item-slickSliderPhanKhu\" \r\n                                style=\"background-image: url(\'https://images.jinn.vn/f1-jpgb8l5qgauumfg00at1td0.jpeg\')\">\r\n                               <div class=\"infor-itemPhanKhu\">\r\n                                   <h2 title=\"Forest on the Sea\">Forest on the Sea</h2>\r\n                                   <div class=\"excerpt-itemPhanKhu\">\r\n                                       Forest<br />\r\nOn The Sea Flamingo Cát Bà được mệnh danh là “Tòa nhà rực rỡ giữa biển xanh” mang<br />\r\nđặc trưng của biển và rừng. Nơi đây hiện hữu như một khu rừng xanh với chiều<br />\r\ncao ấn tượng thuộc khu vực bãi tắm Cát Cò 1, tòa nhà Forest On The Sea là tổ hợp<br />\r\ncủa những căn hộ nghỉ dưỡng trên cao có hướng view ra biển Cát Bà tuyệt đẹp. Forest<br />\r\nOn The Sea có diện tích 2.031 m2 và mật độ xây dựng 64%, bao gồm 173 căn hộ. Với<br />\r\nnhững căn biệt thự trên cao chưa từng có vừa tinh tế, sang trọng lại vừa hài<br />\r\nhòa với thiên nhiên. Với phong cách nội thất tiện nghi cùng hệ thống cây xanh,<br />\r\nvườn treo hài hòa, tòa tháp này sẽ là nơi thể hiện đẳng cấp và gu thẩm mỹ hoàn<br />\r\nhảo của các chủ nhân.<br />\r\n<br />\r\n<br />\r\n<br />\r\nBên<br />\r\ncạnh đó, khách hàng có thể tìm thấy những dịch vụ đẳng cấp và sang trọng hàng đầu<br />\r\nngay tại tòa nhà, bao gồm bể bơi vô cực trên cao, nhà hàng cao cấp có khả năng<br />\r\nphục vụ tới 300 khách cùng lúc. Đây sẽ là địa điểm lý tưởng để mỗi người tìm thấy<br />\r\nsự bình yên của kỳ nghỉ dưỡng khi đồng thời vẫn trải nghiệm tất cả các dịch vụ<br />\r\nchất lượng nhất. Vị trí Forest On The Sea Flamingo Cát Bà không chỉ mang đầy<br />\r\nđủ ưu điểm của toàn dự án mà còn nổi bật hơn khi là tòa nằm gần đường chính nhất,<br />\r\nrất thuận tiện để khách hàng di chuyển đến các khu vực xung quanh.\r\n                                   </div>\r\n                               </div>\r\n                               <div class=\"link-itemPhanKhu\">\r\n                                   <div class=\"link-cnt-PK\">\r\n                                       <a href=\"\">\r\n                                           <img src=\"/frontend/images/icon/link-PK0995.png\" alt=\"\">\r\n                                       </a>\r\n                                   </div>\r\n                               </div>\r\n                           </div></div>\r\n                                </div>\r\n                            </div><div id=\"landBlock05\" class=\"content-section4\" id=\"reasonChooseProject\">\r\n                            <div class=\"background-detail4\"><div class=\"content-lyDoLuaChon\"><div class=\"item-lyDoLuaChon\">\r\n                                    <div class=\"thumbnail-lyDoLuaChon\">\r\n                                        <div class=\"item-img4\">\r\n                                            <img data-src=\"/photos/shares/icon/4-mua.png\" style=\"max-height: 100px;max-width: 100px;\" class=\"lazyImage\">\r\n                                        </div>\r\n                                    </div>\r\n                                    <div class=\"item-textLyDoLuaChon\">\r\n                                        <div class=\"item-infor4\">\r\n                                            <h3>Forest on the Sea</h3>\r\n                                            <p>Forest on the Sea\r\nForest on the Sea\r\nForest on the Sea</p>\r\n                                        </div>\r\n                                    </div>\r\n                                </div><div class=\"item-lyDoLuaChon\">\r\n                                    <div class=\"thumbnail-lyDoLuaChon\">\r\n                                        <div class=\"item-img4\">\r\n                                            <img data-src=\"/photos/shares/icon/biet-thu-tren-cao.png\" style=\"max-height: 100px;max-width: 100px;\" class=\"lazyImage\">\r\n                                        </div>\r\n                                    </div>\r\n                                    <div class=\"item-textLyDoLuaChon\">\r\n                                        <div class=\"item-infor4\">\r\n                                            <h3>Forest on the Sea</h3>\r\n                                            <p>Forest on the Sea\r\nForest on the Sea\r\nForest on the Sea</p>\r\n                                        </div>\r\n                                    </div>\r\n                                </div></div></div></div><div id=\"landBlock06\" class=\"content-section5\">\r\n                        <div class=\"background-detail5\"><div class=\"content-detail5\"><div class=\"item-utility utility1\">\r\n                                    <div class=\"cnt-item-utility\">\r\n                                        <div data-src=\"/photos/3/tt-giai-tri-tren-bo-bien-2-jpgb8p5dlvu8fbg00besv0g.jpeg\" class=\"lazyImage background-images-item\">\r\n                                            <span>\r\n                                                <p>Forest on the Sea Forest on the Sea Forest on the Sea</p>\r\n                                            </span>\r\n                                        </div>\r\n                                    </div>\r\n                                </div><div class=\"item-utility utility2\">\r\n                                    <div class=\"cnt-item-utility\">\r\n                                        <div data-src=\"/photos/3/bar-bai-bien-jpgb8p5b3fu8fbg00besuvg.jpeg\" class=\"lazyImage background-images-item\">\r\n                                            <span>\r\n                                                <p>Forest on the Sea Forest on the Sea Forest on the Sea</p>\r\n                                            </span>\r\n                                        </div>\r\n                                    </div>\r\n                                </div></div></div></div>', NULL, NULL, NULL, NULL, '2018-01-08 10:06:54', '2018-01-05 09:58:43');
INSERT INTO `news_data` (`id`, `news_id`, `language`, `title`, `youtube_code`, `sluggable`, `content`, `landingpage_data`, `summary`, `keyword`, `description`, `updated_at`, `created_at`) VALUES
(116, 130, 'vi', 'Dự án SwanBay Marina Villas ở đâu?', NULL, 'du-an-swanbay-marina-villas-o-dau', '<p style=\"margin-bottom: 0px !important;\">SwanBay Marina Villas<font color=\"#333333\" face=\"Roboto sans-serif\"><span style=\"font-size: 16px;\"> là dự án có vị trí đắc địa ngay trên bán đảo Đại Phước, Nhơn Trạch, Đồng Nai, được mệnh danh là “Hòn ngọc phía Đông Sài Gòn”. Dự án nằm tiếp giáp với quận 2 và quận 9 của TP Hồ Chí Minh với các tuyến đường giao thông quan trong, có địa thế hình giọt nước vô cùng đặc biệt với tổng diện tích lên tới 464 ha được bao bọc bởi con sông Đồng Nai, cách bán đảo Thủ Thiêm chỉ 15 phút.</span></font></p><p style=\"font-family: Roboto, sans-serif; color: rgb(51, 51, 51); font-size: 16px; margin-bottom: 0px !important;\"> </p><p style=\"font-family: Roboto, sans-serif; color: rgb(51, 51, 51); font-size: 16px; text-align: justify; margin-bottom: 0px !important;\"><span style=\"font-family: \"Roboto sans-serif\";\">Dự án được khởi công vào ngày 01/04/2010, dự kiến toàn bộ dự án sẽ hoàn thành vào quý 3 năm 2019.</span></p><p style=\"font-family: Roboto, sans-serif; color: rgb(51, 51, 51); font-size: 16px; margin-bottom: 0px !important;\"> </p><p style=\"font-family: Roboto, sans-serif; color: rgb(51, 51, 51); font-size: 16px; margin-bottom: 0px !important;\"> </p><p style=\"font-family: Roboto, sans-serif; color: rgb(51, 51, 51); font-size: 16px; margin-bottom: 0px !important;\"><img class=\"alignnone wp-image-14180 size-large\" src=\"https://images.jinn.vn/tong-the-swan-bay-jpgb9660d1ep98g00djl3lg.jpeg\" alt=\"Dự án SwanBay Marina Villas ở đâu?\" width=\"1024\" height=\"539\" style=\"display: block; margin-left: auto; margin-right: auto; max-width: 100%; height: auto;\"></p><p style=\"font-family: Roboto, sans-serif; color: rgb(51, 51, 51); font-size: 16px; margin-bottom: 0px !important;\"> </p><p style=\"font-family: Roboto, sans-serif; color: rgb(51, 51, 51); font-size: 16px; text-align: justify; margin-bottom: 0px !important;\"><span style=\"font-family: \"Roboto sans-serif\";\">Khu đô thị sinh thái nghỉ dưỡng SwanBay có quy mô lên tới 200 ha được phát triển bởi tập đoàn bất động sản hàng đầu thế giới CFLD có trụ sở tại Singapore. Với mật độ xây dựng chỉ chiếm 17% phân bố đều cho toàn dự án.</span></p><p style=\"font-family: Roboto, sans-serif; color: rgb(51, 51, 51); font-size: 16px; margin-bottom: 0px !important;\"> </p><p style=\"font-family: Roboto, sans-serif; color: rgb(51, 51, 51); font-size: 16px; text-align: justify; margin-bottom: 0px !important;\"><span style=\"font-family: \"Roboto sans-serif\";\"><strong>SwanBay Marina Villas</strong> là phân khu đầu tiên được triển khai tại SwanBay ở giai đoạn 1 có diện tích 27 ha, bao gồm 396 căn biệt thự và nhà phố liền kề, 21 căn Dinh thự ven sông (Grand Riverside Villas), 61 căn biệt thự ven sông và biệt thự cảnh quan (Small Villas),184 căn biệt thự song lập (Semi D), 130 căn nhà phố (Town House) với kiến trúc mang phong cách Á Âu hiện đại.</span></p><p style=\"font-family: Roboto, sans-serif; color: rgb(51, 51, 51); font-size: 16px; margin-bottom: 0px !important;\"> </p><p style=\"font-family: Roboto, sans-serif; color: rgb(51, 51, 51); font-size: 16px; margin-bottom: 0px !important;\"><img class=\"alignnone wp-image-14191 size-large\" src=\"https://images.jinn.vn/mask-1-1-jpgb969nq9ep98g00djl4ig.jpeg\" alt=\"dự án SwanBay Marina Villas ở đâu?\" width=\"1024\" height=\"597\" style=\"display: block; margin-left: auto; margin-right: auto; max-width: 100%; height: auto;\"></p><p style=\"font-family: Roboto, sans-serif; color: rgb(51, 51, 51); font-size: 16px; margin-bottom: 0px !important;\"> </p><p style=\"font-family: Roboto, sans-serif; color: rgb(51, 51, 51); font-size: 16px; text-align: justify; margin-bottom: 0px !important;\"><span style=\"font-family: \"Roboto sans-serif\";\"><strong>Một số tiện ích vượt trội của <font color=\"#337ab7\" face=\"Roboto, sans-serif\">SwanBay Marina Villas</font>:</strong></span></p><p style=\"font-family: Roboto, sans-serif; color: rgb(51, 51, 51); font-size: 16px; margin-bottom: 0px !important;\"> </p><ul style=\"padding: 0px; list-style-position: initial; list-style-image: initial; margin-bottom: 7px; color: rgb(51, 51, 51); font-family: Roboto, sans-serif; font-size: 16px; text-align: justify;\"><li><span style=\"font-family: \"Roboto sans-serif\";\">Bến du thuyền tiêu chuẩn quốc tế đầu tiên tại Việt Nam</span></li><li><span style=\"font-family: \"Roboto sans-serif\";\">Khu dịch vụ tiện ích bên sông, đáp ứng nhu cầu mua sắm giải trí cao cấp</span></li><li><span style=\"font-family: \"Roboto sans-serif\";\">Hơn 65% diện tích dành cho khu cảnh quan, công viên và tiện ích cộng đồng</span></li><li><span style=\"font-family: \"Roboto sans-serif\";\">Sân chơi nhiều chủ đề hấp dẫn và an toàn cho trẻ em</span></li><li><span style=\"font-family: \"Roboto sans-serif\";\">Khu tiệc cưới ngoài trời độc đáo nhất thành phố Hồ Chí Minh</span></li><li><span style=\"font-family: \"Roboto sans-serif\";\">Chất lượng không khí đạt chuẩn cao nhất với chỉ số 1-50</span></li><li><span style=\"font-family: \"Roboto sans-serif\";\">Sân golf Taekwang Jeongsan 18 lỗ tiêu chuẩn quốc tế.</span></li></ul><p style=\"font-family: Roboto, sans-serif; color: rgb(51, 51, 51); font-size: 16px; margin-bottom: 0px !important;\"> </p><p style=\"font-family: Roboto, sans-serif; color: rgb(51, 51, 51); font-size: 16px; margin-bottom: 0px !important;\"><img class=\"alignnone wp-image-14178 size-full\" src=\"https://images.jinn.vn/biet-thu-swanbay-dai-phuoc-97141-jpgb965vlhep98g00djl35g.jpeg\" alt=\"dự án SwanBay Marina Villas ở đâu?\" width=\"1000\" height=\"667\" style=\"display: block; margin-left: auto; margin-right: auto; max-width: 100%; height: auto;\"></p><p style=\"font-family: Roboto, sans-serif; color: rgb(51, 51, 51); font-size: 16px; margin-bottom: 0px !important;\"> </p><p style=\"font-family: Roboto, sans-serif; color: rgb(51, 51, 51); font-size: 16px; margin-bottom: 0px !important;\"><img class=\"alignnone wp-image-14155\" src=\"https://images.jinn.vn/luyen-tap-the-duc-cho-cha-me-tai-du-an-swan-bay-jpgb95l329ep98g00djl0v0.jpeg\" alt=\"dự án SwanBay Marina Villas ở đâu?\" width=\"840\" height=\"649\" style=\"display: block; margin-left: auto; margin-right: auto; max-width: 100%; height: auto;\"></p><p style=\"font-family: Roboto, sans-serif; color: rgb(51, 51, 51); font-size: 16px; margin-bottom: 0px !important;\"> </p><p style=\"font-family: Roboto, sans-serif; color: rgb(51, 51, 51); font-size: 16px; text-align: justify; margin-bottom: 0px !important;\"><span style=\"font-family: \"Roboto sans-serif\";\">Việc rót hàng nghìn tỷ đồng cho việc phát triển hạ tầng giao thông khu Đông sẽ liên kết giữa các khu vực như Vũng Tàu, Nhơn Trạch, Long Thành, góp phần phát triển kinh tế khu Đông nói chung và kết nối giữa TP Hồ Chí Minh với đảo Đại Phước nói riêng trở nên vô cùng thuận tiện.</span></p><p style=\"font-family: Roboto, sans-serif; color: rgb(51, 51, 51); font-size: 16px; margin-bottom: 0px !important;\"> </p><p style=\"font-family: Roboto, sans-serif; color: rgb(51, 51, 51); font-size: 16px; text-align: justify; margin-bottom: 0px !important;\"><span style=\"font-family: \"Roboto sans-serif\";\">Với sự đầu tư phát triển mạnh của hạ tầng cộng với chính sách đầu tư, phát triển để kéo cư dân về an cư – <strong>Dự án SwanBay</strong> sẽ thu hút sự quan tâm chú ý của các chuyên gia nước ngoài, khách Việt kiều và những khách hàng khắp mọi miền đất nước…</span></p><p style=\"font-family: Roboto, sans-serif; color: rgb(51, 51, 51); font-size: 16px; margin-bottom: 0px !important;\"> </p><p style=\"font-family: Roboto, sans-serif; color: rgb(51, 51, 51); font-size: 16px; text-align: justify; margin-bottom: 0px !important;\"><span style=\"font-family: \"Roboto sans-serif\";\">Đến năm 2020 thời gian di chuyển từ trung tâm TP HCM đến dự án Swan Bay được rút ngắn tối đa xuống còn 20 phút ứng với quãng đường di chuyển chỉ còn 19km. </span></p><p style=\"font-family: Roboto, sans-serif; color: rgb(51, 51, 51); font-size: 16px; margin-bottom: 0px !important;\"> </p><p style=\"font-family: Roboto, sans-serif; color: rgb(51, 51, 51); font-size: 16px; text-align: justify; margin-bottom: 0px !important;\"><span style=\"font-family: \"Roboto sans-serif\";\">Đây chính là thời điểm <strong>dự án SwanBay</strong> đã dần hình thành một cộng đồng văn minh, hiện đại nhưng vẫn giữ được không gian xanh trong lành, hoàn toàn tách biệt với sự náo nhiệt của cuộc sống tại các khu đô thị lớn. Và cũng là thời điểm mà các nhà đầu tư, các cư dân tại đây bắt đầu hái quả ngọt với sự gia tăng mạnh của giá trị bất động sản tại đây.</span></p>', NULL, 'SwanBay Marina Villas là dự án có vị trí đắc địa ngay trên bán đảo Đại Phước, Nhơn Trạch, Đồng Nai, được mệnh danh là “Hòn ngọc phía Đông Sài Gòn”. Dự án nằm tiếp giáp với quận 2 và quận 9 của TP Hồ Chí Minh với các tuyến đường giao thông quan trong, có địa thế hình giọt nước vô cùng đặc biệt với tổng diện tích lên tới 464 ha được bao bọc bởi con sông Đồng Nai, cách bán đảo Thủ Thiêm chỉ 15 phút.', NULL, NULL, '2018-01-06 04:03:04', '2018-01-06 03:40:01'),
(117, 130, 'en', NULL, NULL, '', NULL, NULL, NULL, NULL, NULL, '2018-01-06 03:40:01', '2018-01-06 03:40:01'),
(118, 131, 'vi', 'Biệt thự SwanBay Marina Villas 3 phòng ngủ', NULL, 'biet-thu-swanbay-marina-villas-3-phong-ngu', '<p style=\"font-family: Roboto, sans-serif; color: rgb(51, 51, 51); font-size: 16px; text-align: justify; margin-bottom: 0px !important;\"><font color=\"#337ab7\">Biệt thự SwanBay 3 phòng ngủ</font> bao gồm 1 trệt 2 lầu, 3 phòng ngủ. Sân trước và sau được thiết kế hợp lý cho gia đình trên 4 người. Ngoài ra còn có khu sân vườn ở tầng thượng và được bố trí hài hòa, mang ánh sáng vào từng phòng.</p><p style=\"font-family: Roboto, sans-serif; color: rgb(51, 51, 51); font-size: 16px; margin-bottom: 0px !important;\"> </p><p style=\"font-family: Roboto, sans-serif; color: rgb(51, 51, 51); font-size: 16px; text-align: justify; margin-bottom: 0px !important;\"><strong>Vị trí SwanBay Marina Villas</strong></p><p style=\"font-family: Roboto, sans-serif; color: rgb(51, 51, 51); font-size: 16px; margin-bottom: 0px !important;\"> </p><p style=\"font-family: Roboto, sans-serif; color: rgb(51, 51, 51); font-size: 16px; margin-bottom: 0px !important;\"><img class=\"aligncenter wp-image-14175\" src=\"https://images.jinn.vn/a-i-phu-o-c-island-1024x724-1-jpgb965s6hep98g00djl2fg.jpeg\" alt=\"Biệt thự SwanBay Marina Villas 3 phòng ngủ\" width=\"700\" height=\"495\" style=\"display: block; margin-left: auto; margin-right: auto; max-width: 100%; height: auto;\"></p><p style=\"font-family: Roboto, sans-serif; color: rgb(51, 51, 51); font-size: 16px; margin-bottom: 0px !important;\"> </p><p style=\"font-family: Roboto, sans-serif; color: rgb(51, 51, 51); font-size: 16px; text-align: center; margin-bottom: 0px !important;\"><strong>Hotline 0931 338 458</strong></p><p style=\"font-family: Roboto, sans-serif; color: rgb(51, 51, 51); font-size: 16px; margin-bottom: 0px !important;\"> </p><p style=\"font-family: Roboto, sans-serif; color: rgb(51, 51, 51); font-size: 16px; text-align: justify; margin-bottom: 0px !important;\">Tọa lạc trên hòn đảo Đại Phước, <strong>SwanBay</strong> là khu đô thị mới với phong cách nghỉ dưỡng trên hòn đảo duy nhất còn lại liền kề thành phố Hồ Chí Minh. Nhờ sở hữu vị trí địa chiến lược ở cửa ngõ phía Đông:</p><p style=\"font-family: Roboto, sans-serif; color: rgb(51, 51, 51); font-size: 16px; margin-bottom: 0px !important;\"> </p><p style=\"font-family: Roboto, sans-serif; color: rgb(51, 51, 51); font-size: 16px; text-align: justify; margin-bottom: 0px !important;\">Chỉ mất 20 phút từ Trung Tâm Quận 1, TP.HCM đến dự án khu biệt thự Swan Bay Đại Phước và chỉ cần 8 phút để đến Trung tâm hàng chính TP mới Nhơn Trạch (ngân hàng Vietcombank, Vietin Bank…bệnh viện đa khoa Nhơn Trạch), hay chỉ 12-15 phút để đưa con bạn đến trường học: tiểu học Phú Thạnh, THPT Nhơn Trạch…cách chợ Đại Phước tầm 10 phút, hoặc nếu bạn đang làm việc tại KCN Nhơn Trạch thì cũng chỉ cần 20 phút để đến nơi làm việc.</p><p style=\"font-family: Roboto, sans-serif; color: rgb(51, 51, 51); font-size: 16px; margin-bottom: 0px !important;\"> </p><p style=\"font-family: Roboto, sans-serif; color: rgb(51, 51, 51); font-size: 16px; text-align: justify; margin-bottom: 0px !important;\">Dự án với quy mô 200 ha có địa thế hình giọt nước vô cùng độc đáo, được bao bọc bởi Sông Sài Gòn, mang lại một môi trường sống thân thiện với không khí trong lành, gần gũi với thiên nhiên ngay tại cửa ngõ phía Đông Sài Gòn. Đây là nơi hội tụ của vẻ đẹp thiên nhiên đầy duyên dáng và sự năng động của đô thị hiện đại. Là sự giao hoà giữa tinh thần khoáng đạt và bình yên nội tại.</p><p style=\"font-family: Roboto, sans-serif; color: rgb(51, 51, 51); font-size: 16px; margin-bottom: 0px !important;\"> </p><p style=\"font-family: Roboto, sans-serif; color: rgb(51, 51, 51); font-size: 16px; text-align: justify; margin-bottom: 0px !important;\"><em>Quy mô dự án bao gồm các sản phẩm:</em></p><p style=\"font-family: Roboto, sans-serif; color: rgb(51, 51, 51); font-size: 16px; margin-bottom: 0px !important;\"> </p><p style=\"font-family: Roboto, sans-serif; color: rgb(51, 51, 51); font-size: 16px; margin-bottom: 0px !important;\"><img class=\"aligncenter size-full wp-image-14176\" src=\"https://images.jinn.vn/170816-small-villa-french-view-sau-45-do-1-jpgb965va9ep98g00djl2ng.jpeg\" alt=\"Biệt thự SwanBay Marina Villas 3 phòng ngủ\" width=\"700\" height=\"420\" style=\"display: block; margin-left: auto; margin-right: auto; max-width: 100%; height: auto;\"></p><p style=\"font-family: Roboto, sans-serif; color: rgb(51, 51, 51); font-size: 16px; margin-bottom: 0px !important;\"> </p><p style=\"font-family: Roboto, sans-serif; color: rgb(51, 51, 51); font-size: 16px; text-align: center; margin-bottom: 0px !important;\"><strong>Hotline 0931 338 458</strong></p><p style=\"font-family: Roboto, sans-serif; color: rgb(51, 51, 51); font-size: 16px; margin-bottom: 0px !important;\"> </p><p style=\"font-family: Roboto, sans-serif; color: rgb(51, 51, 51); font-size: 16px; text-align: justify; margin-bottom: 0px !important;\">❖21 căn Dinh thự ven sông (Big Villa): 20m x 26m</p><p style=\"font-family: Roboto, sans-serif; color: rgb(51, 51, 51); font-size: 16px; text-align: justify; margin-bottom: 0px !important;\">❖61 căn Biệt thự ven sông và Biệt thự cảnh quan (Small Villas): 16m x 20m và 20m x 20m</p><p style=\"font-family: Roboto, sans-serif; color: rgb(51, 51, 51); font-size: 16px; text-align: justify; margin-bottom: 0px !important;\">❖184 căn Biệt thự Song lập: 10m x 20m</p><p style=\"font-family: Roboto, sans-serif; color: rgb(51, 51, 51); font-size: 16px; text-align: justify; margin-bottom: 0px !important;\">❖130 căn Nhà phố: 7m x 17m; 7m x 20m; 9m x 17m; 9m x 20m</p><p style=\"font-family: Roboto, sans-serif; color: rgb(51, 51, 51); font-size: 16px; margin-bottom: 0px !important;\"> </p><p style=\"font-family: Roboto, sans-serif; color: rgb(51, 51, 51); font-size: 16px; text-align: justify; margin-bottom: 0px !important;\"><strong>Tiện ích vượt trội của dự án SwanBay Marina Villas</strong></p><p style=\"font-family: Roboto, sans-serif; color: rgb(51, 51, 51); font-size: 16px; margin-bottom: 0px !important;\"> </p><p style=\"font-family: Roboto, sans-serif; color: rgb(51, 51, 51); font-size: 16px; margin-bottom: 0px !important;\"><img class=\"aligncenter size-full wp-image-14179\" src=\"https://images.jinn.vn/du-thuyen-marina-villas-tai-du-an-swan-bay-jpgb965vm1ep98g00djl3d0.jpeg\" alt=\"\" width=\"700\" height=\"371\" style=\"display: block; margin-left: auto; margin-right: auto; max-width: 100%; height: auto;\"></p><p style=\"font-family: Roboto, sans-serif; color: rgb(51, 51, 51); font-size: 16px; margin-bottom: 0px !important;\"> </p><p style=\"font-family: Roboto, sans-serif; color: rgb(51, 51, 51); font-size: 16px; margin-bottom: 0px !important;\"><img class=\"aligncenter wp-image-14177\" src=\"https://images.jinn.vn/biet-thu-swanbay-dai-phuoc-69676-jpgb965vkpep98g00djl2u0.jpeg\" alt=\"Biệt thự SwanBay Marina Villas 3 phòng ngủ\" width=\"700\" height=\"466\" style=\"display: block; margin-left: auto; margin-right: auto; max-width: 100%; height: auto;\"></p><p style=\"font-family: Roboto, sans-serif; color: rgb(51, 51, 51); font-size: 16px; margin-bottom: 0px !important;\"> </p><p style=\"font-family: Roboto, sans-serif; color: rgb(51, 51, 51); font-size: 16px; margin-bottom: 0px !important;\"><img class=\"aligncenter wp-image-14178\" src=\"https://images.jinn.vn/biet-thu-swanbay-dai-phuoc-97141-jpgb965vlhep98g00djl35g.jpeg\" alt=\"\" width=\"700\" height=\"467\" style=\"display: block; margin-left: auto; margin-right: auto; max-width: 100%; height: auto;\"></p><p style=\"font-family: Roboto, sans-serif; color: rgb(51, 51, 51); font-size: 16px; margin-bottom: 0px !important;\"> </p><p style=\"font-family: Roboto, sans-serif; color: rgb(51, 51, 51); font-size: 16px; text-align: justify; margin-bottom: 0px !important;\">Với mục tiêu phát triển thành một khu đô thị mang tiêu chuẩn của một khu resort quốc tế, <a href=\"https://jinn.vn/vi/projects/swanbay-villas-5a24c99ba1330\" style=\"color: rgb(51, 122, 183);\">Swan Bay Marina Villas </a>được trang bị nhiều tiện ích nội khu cao cao cấp:</p><p style=\"font-family: Roboto, sans-serif; color: rgb(51, 51, 51); font-size: 16px; margin-bottom: 0px !important;\"> </p><p style=\"font-family: Roboto, sans-serif; color: rgb(51, 51, 51); font-size: 16px; text-align: justify; margin-bottom: 0px !important;\">❖Bến du thuyền, Nhà hàng, Khách sạn, Club house…(đã đưa vào hoạt động)</p><p style=\"font-family: Roboto, sans-serif; color: rgb(51, 51, 51); font-size: 16px; text-align: justify; margin-bottom: 0px !important;\">❖ Trường học, Nhà trẻ, Công viên…</p><p style=\"font-family: Roboto, sans-serif; color: rgb(51, 51, 51); font-size: 16px; text-align: justify; margin-bottom: 0px !important;\">❖ Trung tâm y tế, bệnh viện…</p><p style=\"font-family: Roboto, sans-serif; color: rgb(51, 51, 51); font-size: 16px; text-align: justify; margin-bottom: 0px !important;\">❖ Khu Lotus Sport Center (trung tâm thể thao và giải trí)</p><p style=\"font-family: Roboto, sans-serif; color: rgb(51, 51, 51); font-size: 16px; text-align: justify; margin-bottom: 0px !important;\">❖ Sân Golf Quốc tế Jeongsan 18 lỗ (đã đưa vào hoạt động từ 2012 )</p><p style=\"font-family: Roboto, sans-serif; color: rgb(51, 51, 51); font-size: 16px; text-align: justify; margin-bottom: 0px !important;\">❖ Khu Biệt Thự Swan Bay rộng 27 hecta với 396 biệt thự & nhà phố liền kề…</p><p style=\"font-family: Roboto, sans-serif; color: rgb(51, 51, 51); font-size: 16px; margin-bottom: 0px !important;\"> </p><p style=\"font-family: Roboto, sans-serif; color: rgb(51, 51, 51); font-size: 16px; text-align: justify; margin-bottom: 0px !important;\"><strong>Biệt thự SwanBay</strong> đem đến cho dân cư môi trường sống thanh bình và trong lành với vị trí chiến lược giữa tâm điểm kết nối giao thông và kinh tế liên vùng. Đến với Swan Bay, người mua không chỉ có cơ hội sở hữu ngôi nhà xinh đẹp tại vị trí có một không hai mà còn gia tăng lợi nhuận đầu tư cao nhất.</p>', NULL, 'Biệt thự SwanBay 3 phòng ngủ bao gồm 1 trệt 2 lầu, 3 phòng ngủ. Sân trước và sau được thiết kế hợp lý cho gia đình trên 4 người. Ngoài ra còn có khu sân vườn ở tầng thượng và được bố trí hài hòa, mang ánh sáng vào từng phòng.', NULL, NULL, '2018-01-06 04:02:32', '2018-01-06 04:00:27'),
(119, 131, 'en', NULL, NULL, '', NULL, NULL, NULL, NULL, NULL, '2018-01-06 04:00:27', '2018-01-06 04:00:27'),
(120, 132, 'vi', 'Căn hộ Waterina Suites', NULL, 'can-ho-waterina-suites', '<p style=\"font-family: Roboto, sans-serif; color: rgb(51, 51, 51); font-size: 16px; text-align: justify; margin-bottom: 0px !important;\"><span style=\"font-family: &quot;Roboto sans-serif&quot;;\">Được đầu tư bởi doanh nghiệp Nhật Bản – Maeda Jimusho cùng sự chấp bút thiết kế của kiến trúc sư tài ba người Nhật Bản Kengo Kuma,<strong>&nbsp;<font color=\"#337ab7\" face=\"Roboto, sans-serif\">dự án căn hộ Waterina Suites quận 2</font></strong>&nbsp;xứng đáng là công trình Nhật mang đậm chất Việt nổi bật giữa lòng thành phố Hồ Chí Minh.&nbsp;</span></p><p style=\"font-family: Roboto, sans-serif; color: rgb(51, 51, 51); font-size: 16px; margin-bottom: 0px !important;\">&nbsp;</p><p style=\"font-family: Roboto, sans-serif; color: rgb(51, 51, 51); font-size: 16px; text-align: center; margin-bottom: 0px !important;\"><em><strong><span style=\"font-family: &quot;Roboto sans-serif&quot;;\">Liên hệ Hotline 0931 338 458</span></strong></em></p><p style=\"font-family: Roboto, sans-serif; color: rgb(51, 51, 51); font-size: 16px; margin-bottom: 0px !important;\">&nbsp;</p><p style=\"font-family: Roboto, sans-serif; color: rgb(51, 51, 51); font-size: 16px; margin-bottom: 0px !important;\"><img class=\"alignnone wp-image-14168 size-large\" src=\"https://images.jinn.vn/slide1-jpgb965hehep98g00djl1pg.jpeg\" alt=\"Căn hộ Waterina Suites view đẹp\" width=\"1024\" height=\"630\" style=\"display: block; margin-left: auto; margin-right: auto; max-width: 100%; height: auto;\"></p><p style=\"font-family: Roboto, sans-serif; color: rgb(51, 51, 51); font-size: 16px; margin-bottom: 0px !important;\">&nbsp;</p><p style=\"font-family: Roboto, sans-serif; color: rgb(51, 51, 51); font-size: 16px; text-align: justify; margin-bottom: 0px !important;\"><span style=\"font-family: &quot;Roboto sans-serif&quot;;\">Tại công trình dự án căn hộ Waterina Suites, kiến trúc sư Kengo Kuma đã thổi vào đó sự mới mẻ, ấn tượng và đầy thơ mộng. Cảm hứng khơi nguồn cho những sáng tạo bất tận của Kengo Kuma chính là địa thế của mảnh đất mà Waterina Suites đang sở hữu với một mặt giáp sông Sài Gòn lộng gió, trải dài ra trước mắt, tạo nên những tầm nhìn view đẹp cho căn hộ Waterina Suites. Tìm về thiên nhiên hẳn không nằm ngoài tinh thần mà vị kiến trúc sư này theo đuổi. Ngay từ việc chọn sóng nước, ruộng bậc thang vùng núi Tây Bắc làm cảm hứng chủ đạo, đến những thiết kế mở tràn ngập ánh sáng, khí trời, những mảng xanh được điểm xuyết tinh tế xuyên suốt dự án, tất cả đều nhất quán đưa cảm thức tự nhiên len lỏi vào cảm quan của con người.</span></p><p style=\"font-family: Roboto, sans-serif; color: rgb(51, 51, 51); font-size: 16px; margin-bottom: 0px !important;\">&nbsp;</p><p style=\"font-family: Roboto, sans-serif; color: rgb(51, 51, 51); font-size: 16px; text-align: justify; margin-bottom: 0px !important;\"><span style=\"font-family: &quot;Roboto sans-serif&quot;;\">Từng cơn sóng lăn tăn trên mặt sông nhẹ nhàng chuyển mình thành từng đường uốn lượn ôm lấy ban công của mỗi căn hộ.&nbsp;Sự mộc mạc, giản đơn nhưng dưới bàn tay người thiết kế tài hoa lại trở nên độc đáo và quyến rũ. Điểm nhấn khác biệt này trở thành một trong những điểm sáng tạo nên vẻ đẹp của dự án căn hộ Waterina Suites.</span></p><p style=\"font-family: Roboto, sans-serif; color: rgb(51, 51, 51); font-size: 16px; margin-bottom: 0px !important;\">&nbsp;</p><p style=\"font-family: Roboto, sans-serif; color: rgb(51, 51, 51); font-size: 16px; margin-bottom: 0px !important;\"><img class=\"alignnone wp-image-14169 size-large\" src=\"https://images.jinn.vn/slide2-jpgb965hvpep98g00djl21g.jpeg\" alt=\"Căn hộ Waterina Suites view đẹp\" width=\"1024\" height=\"697\" style=\"display: block; margin-left: auto; margin-right: auto; max-width: 100%; height: auto;\"></p><p style=\"font-family: Roboto, sans-serif; color: rgb(51, 51, 51); font-size: 16px; margin-bottom: 0px !important;\">&nbsp;</p><p style=\"font-family: Roboto, sans-serif; color: rgb(51, 51, 51); font-size: 16px; text-align: justify; margin-bottom: 0px !important;\"><span style=\"font-family: &quot;Roboto sans-serif&quot;;\"><strong><a href=\"https://jinn.vn/news/2017/11/22/du-an-can-ho-cao-cap-waterina-suites/\" style=\"font-family: Roboto, sans-serif; color: rgb(51, 122, 183);\">Căn hộ Waterina Suites</a></strong>&nbsp;nằm ngay tại đường Tạ Hiện, phường Thạnh Mỹ Lợi, quận 2, thành phố Hồ Chí Minh, sở hữu vị trí vàng&nbsp;ngay bên cạnh các khu đô thị đang phát triển sầm uất của quận 2 như: khu đô thị An Phú An Khánh, khu đô thị mới Thủ Thiêm, khu đô thị Nam Rạch Chiếc. Đồng thời, dự án&nbsp;nằm gần những trục giao thông huyết mạch như đại lộ Mai Chí Thọ – hầm Thủ Thiêm, cao tốc TPHCM – Long Thành – Dầu Giây, cầu Phú Mỹ, tuyến metro số 1 Bến Thành – Suối Tiên,&nbsp;Waterina Suites&nbsp;dễ dàng kết nối với các khu vực khác trong Sài Gòn.</span></p><p style=\"font-family: Roboto, sans-serif; color: rgb(51, 51, 51); font-size: 16px; margin-bottom: 0px !important;\">&nbsp;</p><p style=\"font-family: Roboto, sans-serif; color: rgb(51, 51, 51); font-size: 16px; text-align: justify; margin-bottom: 0px !important;\"><span style=\"font-family: &quot;Roboto sans-serif&quot;;\">Ngoài ra, vị trí vàng bậc nhất mà dự án này sở hữu còn kể đến:</span></p><p style=\"font-family: Roboto, sans-serif; color: rgb(51, 51, 51); font-size: 16px; margin-bottom: 0px !important;\">&nbsp;</p><ul style=\"padding: 0px; list-style-position: initial; list-style-image: initial; margin-bottom: 7px; color: rgb(51, 51, 51); font-family: Roboto, sans-serif; font-size: 16px; text-align: justify;\"><li><span style=\"font-family: &quot;Roboto sans-serif&quot;;\">Cách ga Metro khoảng&nbsp;2,5km.</span></li><li><span style=\"font-family: &quot;Roboto sans-serif&quot;;\">Tiện lợi cho cư dân sử dụng phương tiện tàu điện.</span></li></ul><p style=\"font-family: Roboto, sans-serif; color: rgb(51, 51, 51); font-size: 16px; margin-bottom: 0px !important;\">&nbsp;</p><p style=\"font-family: Roboto, sans-serif; color: rgb(51, 51, 51); font-size: 16px; text-align: justify; margin-bottom: 0px !important;\"><span style=\"font-family: &quot;Roboto sans-serif&quot;;\">Do đó, từ&nbsp;<strong>dự án&nbsp;Waterina&nbsp;Suites&nbsp;</strong>các cư dân hoàn toàn dễ dàng và di chuyển nhanh chóng vào khu vực trung tâm thành phố và các quận lân cận. Đặc biệt, dự án chỉ cách nhà ga Metro 2,5km, điều điều kiện thuận lợi&nbsp;cho những ai thích sử dụng phương tiện tàu điện ngầm&nbsp;để di chuyển.</span></p><p style=\"font-family: Roboto, sans-serif; color: rgb(51, 51, 51); font-size: 16px; margin-bottom: 0px !important;\">&nbsp;</p><p style=\"font-family: Roboto, sans-serif; color: rgb(51, 51, 51); font-size: 16px; text-align: justify; margin-bottom: 0px !important;\"><span style=\"font-family: &quot;Roboto sans-serif&quot;;\">Nằm trong khu vực cộng đồng người nước ngoài và giáp ranh với quận 7, xung quanh bạn là các trung tâm giáo dục uy tín như trường quốc tế, trường quốc tế Anh, trường quốc tế Úc, trường quốc tế Châu Âu. Về mua sắm, đã có Siêu thị Metro và Big C ở ngay bên cạnh. Tại&nbsp;Waterina Suites, bạn sẽ tận hưởng những tiện ích chưa bao giờ có trước đây.</span></p><p style=\"font-family: Roboto, sans-serif; color: rgb(51, 51, 51); font-size: 16px; margin-bottom: 0px !important;\">&nbsp;</p><p style=\"font-family: Roboto, sans-serif; color: rgb(51, 51, 51); font-size: 16px; text-align: justify; margin-bottom: 0px !important;\"><span style=\"font-family: &quot;Roboto sans-serif&quot;;\"><strong>Căn hộ Waterina Suites view đẹp</strong></span></p><p style=\"font-family: Roboto, sans-serif; color: rgb(51, 51, 51); font-size: 16px; margin-bottom: 0px !important;\">&nbsp;</p><p style=\"font-family: Roboto, sans-serif; color: rgb(51, 51, 51); font-size: 16px; text-align: justify; margin-bottom: 0px !important;\"><span style=\"font-family: &quot;Roboto sans-serif&quot;;\">Đa số căn hộ ở&nbsp;dự án Waterina Suites&nbsp;Quận 2&nbsp;đều có view đẹp, có ban công đón gió và ánh sáng tự nhiên, từ căn hộ của mình bạn có thể hướng nhìn ra sông và toàn cảnh Sài Gòn thơ mộng. Không gian kiến trúc nội thất được thiết kế rộng rãi, thoáng mát đón gió trời và ánh sáng tự nhiên.&nbsp;Những tính năng bảo mật của căn hộ sẽ mang đến cho bạn sự an toàn tuyệt đối và những phút giây hoàn hảo trong mọi không gian.</span></p><p style=\"font-family: Roboto, sans-serif; color: rgb(51, 51, 51); font-size: 16px; margin-bottom: 0px !important;\">&nbsp;</p><p style=\"font-family: Roboto, sans-serif; color: rgb(51, 51, 51); font-size: 16px; text-align: justify; margin-bottom: 0px !important;\"><img class=\"alignnone wp-image-14170 size-large\" src=\"https://images.jinn.vn/media-1494218712-2-jpgb965k19ep98g00djl29g.jpeg\" alt=\"Căn hộ Waterina Suites view đẹp\" width=\"1024\" height=\"724\" style=\"display: block; margin-left: auto; margin-right: auto; max-width: 100%; height: auto;\"></p><p style=\"font-family: Roboto, sans-serif; color: rgb(51, 51, 51); font-size: 16px; margin-bottom: 0px !important;\">&nbsp;</p><ul style=\"padding: 0px; list-style-position: initial; list-style-image: initial; margin-bottom: 7px; color: rgb(51, 51, 51); font-family: Roboto, sans-serif; font-size: 16px;\"><li><span style=\"font-family: &quot;Roboto sans-serif&quot;;\">Khu vực hồ bơi tràn tiêu chuẩn quốc tế ngay tại dự án&nbsp;Waterina Suites Quận 2.</span></li><li><span style=\"font-family: &quot;Roboto sans-serif&quot;;\">Waterina Suites&nbsp;được thiết kế với kiến trúc nội thất mở hướng tới thiên nhiên.</span></li><li><span style=\"font-family: &quot;Roboto sans-serif&quot;;\">Sảnh&nbsp;lounge&nbsp;sang trọng và hiện đại.</span></li><li><span style=\"font-family: &quot;Roboto sans-serif&quot;;\">View toàn cảnh Sài Gòn từ&nbsp;căn hộ Waterina Suites&nbsp;của bạn.</span></li></ul><p style=\"font-family: Roboto, sans-serif; color: rgb(51, 51, 51); font-size: 16px; margin-bottom: 0px !important;\">&nbsp;</p><p style=\"font-family: Roboto, sans-serif; color: rgb(51, 51, 51); font-size: 16px; text-align: justify; margin-bottom: 0px !important;\"><span style=\"font-family: &quot;Roboto sans-serif&quot;;\">Đến với&nbsp;<strong>dự án Waterina Suites</strong><em>&nbsp;</em><strong>Quận 2</strong>&nbsp;bạn và gia đình sẽ được trải nghiệm và tận hưởng cuộc sống hiện đại với cảm giác như bạn đang sống trong những căn nhà nghỉ ấm áp và thư giãn tuyệt vời – một không gian kiến trúc hoàn mỹ, hòa quyện cùng thiên nhiên để nghỉ ngơi sau một ngày dài làm việc mệt mỏi cùng với view đẹp từ ban công hướng ra sông Sài Gòn thơ mộng, thoáng đãng.</span></p>', NULL, 'Từng cơn sóng lăn tăn trên mặt sông nhẹ nhàng chuyển mình thành từng đường uốn lượn ôm lấy ban công của mỗi căn hộ. Sự mộc mạc, giản đơn nhưng dưới bàn tay người thiết kế tài hoa lại trở nên độc đáo và quyến rũ. Điểm nhấn khác biệt này trở thành một trong những điểm sáng tạo nên vẻ đẹp của dự án căn hộ Waterina Suites.', NULL, NULL, '2018-01-06 04:02:18', '2018-01-06 04:02:18'),
(121, 132, 'en', NULL, NULL, '', NULL, NULL, NULL, NULL, NULL, '2018-01-06 04:02:18', '2018-01-06 04:02:18'),
(122, 133, 'vi', 'Hempcrete – Vật liệu xây dựng xanh từ cây gai dầu', NULL, 'hempcrete-vat-lieu-xay-dung-xanh-tu-cay-gai-dau', '<p style=\"font-family: Roboto, sans-serif; color: rgb(51, 51, 51); font-size: 16px; text-align: justify; margin-bottom: 0px !important;\"><strong>Hempcrete được tạo thành bằng cách sử dụng gỗ như gỗ balsa, loại sợi lấy từ vỏ cây, kết hợp với vôi và nước, cung cấp khả năng cách nhiệt tự nhiên, linh hoạt và có thể định hình như các khối bê tông xỉ than.</strong></p><p style=\"font-family: Roboto, sans-serif; color: rgb(51, 51, 51); font-size: 16px; margin-bottom: 0px !important;\">&nbsp;</p><p style=\"font-family: Roboto, sans-serif; color: rgb(51, 51, 51); font-size: 16px; text-align: center; margin-bottom: 0px !important;\"><img class=\"aligncenter size-full wp-image-11317\" src=\"https://images.jinn.vn/113334baoxaydung-image001-jpgb7fdqviu87mg00d600bg.jpeg\" alt=\"Vật liệu xây dựng xanh bền vững\" width=\"700\" height=\"466\" style=\"display: block; margin-left: auto; margin-right: auto; max-width: 100%; height: auto;\"><em>Vật liệu xanh Hempcrete.</em></p><p style=\"font-family: Roboto, sans-serif; color: rgb(51, 51, 51); font-size: 16px; margin-bottom: 0px !important;\">&nbsp;</p><p style=\"font-family: Roboto, sans-serif; color: rgb(51, 51, 51); font-size: 16px; text-align: justify; margin-bottom: 0px !important;\">Vào thế kỷ thứ VI, Hempcrete đã được tìm thấy trong các trụ cầu ở Pháp. Kể từ khi được phát hiện, vật liệu này ngày càng được sử dụng nhiều hơn trên thế giới.</p><p style=\"font-family: Roboto, sans-serif; color: rgb(51, 51, 51); font-size: 16px; margin-bottom: 0px !important;\">&nbsp;</p><p style=\"font-family: Roboto, sans-serif; color: rgb(51, 51, 51); font-size: 16px; text-align: justify; margin-bottom: 0px !important;\">Một trong những lợi ích khi sử dụng vật liệu xây dựng bền vững này là sợi gai có thể trồng và bổ sung tương đối nhanh chóng. Loại cây này có khả năng sinh trưởng cao ở hầu hết mọi khu vực. Cây gai dầu có thể thu hoạch sau 4 tháng trồng trong khi các loại cây thân gỗ phải mất đến 20 năm hoặc lâu hơn để trưởng thành. Với vai trò là một nguồn năng lượng tái tạo, cây gai dầu tạo ra sinh khối nhiều hơn bất kỳ loại cây trồng khác.</p><p style=\"font-family: Roboto, sans-serif; color: rgb(51, 51, 51); font-size: 16px; margin-bottom: 0px !important;\">&nbsp;</p><p style=\"font-family: Roboto, sans-serif; color: rgb(51, 51, 51); font-size: 16px; text-align: justify; margin-bottom: 0px !important;\">Vật liệu xây dựng từ cây gai dầu cung cấp khả năng cách nhiệt tự nhiên, không thấm nước, thoáng và linh hoạt. Nó không chứa chất độc hại, chống nấm mốc và hầu như không cháy. Hempcrete được dự báo sẽ mở ra kỷ nguyên mới cho các vật liệu xây dựng xanh.</p><p style=\"font-family: Roboto, sans-serif; color: rgb(51, 51, 51); font-size: 16px; margin-bottom: 0px !important;\">&nbsp;</p><p style=\"font-family: Roboto, sans-serif; color: rgb(51, 51, 51); font-size: 16px; text-align: justify; margin-bottom: 0px !important;\">Hempcrete có trọng lượng nhẹ hơn bê tông khoảng 7-8 lần. Vật liệu này có thể trôi nổi trên mặt nước. Tuy nó không được sử dụng như một yếu tố cấu trúc trong xây dựng nhưng nó được thêm vào giữa các khung gỗ hay bê tông để cung cấp chức năng cách điện. Được biết, các nhà xây dựng đã sử dụng vật liệu này để xây một tòa nhà cao 10 tầng ở châu Âu.</p>', NULL, 'Hempcrete được tạo thành bằng cách sử dụng gỗ như gỗ balsa, loại sợi lấy từ vỏ cây, kết hợp với vôi và nước, cung cấp khả năng cách nhiệt tự nhiên, linh hoạt và có thể định hình như các khối bê tông xỉ than.', NULL, NULL, '2018-01-06 04:06:16', '2018-01-06 04:06:16'),
(123, 133, 'en', NULL, NULL, '', NULL, NULL, NULL, NULL, NULL, '2018-01-06 04:06:16', '2018-01-06 04:06:16'),
(124, 134, 'vi', 'Vật liệu xây dựng không nung khó phát triển do vẫn gặp nhiều bất cập', NULL, 'vat-lieu-xay-dung-khong-nung-kho-phat-trien-do-van-gap-nhieu-bat-cap', '<p style=\"font-family: Roboto, sans-serif; color: rgb(51, 51, 51); font-size: 16px; text-align: justify; margin-bottom: 0px !important;\"><strong>Hiện nay, qua kiếm tra tại Hà Nội vật liệu xây dựng không nung đã được sử dụng trong một số các công trình xây dựng. Tuy nhiên, vẫn là những vật liệu không nung nặng. Vậy nguyên nhân do đâu mà việc sử dụng loại vật liệu nhẹ không nung vẫn chưa được phổ biến?</strong></p><p style=\"font-family: Roboto, sans-serif; color: rgb(51, 51, 51); font-size: 16px; margin-bottom: 0px !important;\">&nbsp;</p><p style=\"font-family: Roboto, sans-serif; color: rgb(51, 51, 51); font-size: 16px; text-align: center; margin-bottom: 0px !important;\"><img class=\"aligncenter wp-image-11002\" src=\"https://images.jinn.vn/224406baoxaydung-11-jpgb78rptvmhr5g00chkrvg.jpeg\" alt=\"Vật liệu xây dựng không nung khó phát triển do vẫn gặp nhiều bất cập\" width=\"650\" height=\"488\" style=\"display: block; margin-left: auto; margin-right: auto; max-width: 100%; height: auto;\"><em>Phát triển vật liệu không nung nhằm hạn chế ô nhiễm môi trường, tạo sự phát triển bền vững</em></p><p style=\"font-family: Roboto, sans-serif; color: rgb(51, 51, 51); font-size: 16px; margin-bottom: 0px !important;\">&nbsp;</p><p style=\"font-family: Roboto, sans-serif; color: rgb(51, 51, 51); font-size: 16px; text-align: justify; margin-bottom: 0px !important;\">Tại Hà Nội chưa có nhà máy sản xuất gạch không nung quy mô lớn, đặc biệt là gạch không nung nhẹ (bê tông bọt, bê tông khí chưng áp); sản lượng gạch không nung chưa nhiều; nguồn cung từ các tỉnh như Hà Nam, Vĩnh Phúc, Bắc Ninh… cũng bị hạn chế do vấn đề giao thông, tăng cước phí. Nguồn cung không đáp ứng được nhu cầu xây dựng dẫn đến tình trạng một số khu vực người dân tự phát sản xuất và vẫn sử dụng gạch nung để phục vụ nhu cầu vật liệu xây dựng tại chỗ.</p><p style=\"font-family: Roboto, sans-serif; color: rgb(51, 51, 51); font-size: 16px; margin-bottom: 0px !important;\">&nbsp;</p><p style=\"font-family: Roboto, sans-serif; color: rgb(51, 51, 51); font-size: 16px; text-align: justify; margin-bottom: 0px !important;\">Ngoài việc sản xuất, sử dụng đất sét nung đã có từ hàng nghìn năm, nhiều khu vực nông thôn, việc sản xuất gạch thủ công được coi như một nghề truyền thống. Sản phẩm gạch thủ công được sản xuất tương đối đơn giản, sử dụng rộng rãi trên toàn địa bàn và có giá thành rẻ hơn gạch không nung, đặc tính dễ thi công, có thể sử dụng trong nhiều công trình nên đã được dùng chủ yếu hiện nay tại Hà Nội.</p><p style=\"font-family: Roboto, sans-serif; color: rgb(51, 51, 51); font-size: 16px; margin-bottom: 0px !important;\">&nbsp;</p><p style=\"font-family: Roboto, sans-serif; color: rgb(51, 51, 51); font-size: 16px; text-align: justify; margin-bottom: 0px !important;\">Việc sử dụng gạch nung đã tạo nên nhiều hệ quả ô nhiễm môi trường, đặt Hà Nội trước những thách thức phải vào cuộc mạnh mẽ trước những hệ lụy của các lò gạch thủ công. Theo lộ trình chấm dứt sản xuất gạch nung bằng lò thủ công, thủ công cải tiến, lò vòng sử dụng nhiên liệu hóa thạch. Ngày 29/9/2011, UBND thành phố Hà Nội đã ban hành Quyết định số 4524/QĐ-UBND phê duyệt Quy hoạch phát triển vật liệu xây dựng thành phố Hà Nội đến năm 2020, định hướng đến năm 2030.</p><p style=\"font-family: Roboto, sans-serif; color: rgb(51, 51, 51); font-size: 16px; margin-bottom: 0px !important;\">&nbsp;</p><p style=\"font-family: Roboto, sans-serif; color: rgb(51, 51, 51); font-size: 16px; text-align: justify; margin-bottom: 0px !important;\">Trong đó, Hà Nội đã quy hoạch 39 nhà máy gạch tuynel, công suất mỗi nhà máy khoảng 20 – 40 triệu viên/năm để đến năm 2020 đạt khoảng 1,1 tỷ viên/năm. Đồng thời xây dựng lộ trình đến giai đoạn năm 2016 – 2020 không đầu tư mới sản xuất gạch đất sét nung.</p><p style=\"font-family: Roboto, sans-serif; color: rgb(51, 51, 51); font-size: 16px; margin-bottom: 0px !important;\">&nbsp;</p><p style=\"font-family: Roboto, sans-serif; color: rgb(51, 51, 51); font-size: 16px; text-align: justify; margin-bottom: 0px !important;\">Hiệu quả sử dụng VLXD không nung khá rõ nhưng thực tế phát triển VLXD không nung chưa như mong muốn. Tại Hà Nội, UBND thành phố đã phê duyệt quy hoạch xây dựng 18 nhà máy gạch không nung, công suất mỗi nhà máy 20-70 triệu viên/năm, song đến nay hầu hết chưa có dự án đầu tư. Trong khi gạch bê tông cốt liệu mới có 1 cơ sở, công suất 25 triệu viên/năm, tiêu thụ rất khó khăn. Tương tự, dự án gạch bê tông khí, bê tông bọt cũng không bán được</p><p style=\"font-family: Roboto, sans-serif; color: rgb(51, 51, 51); font-size: 16px; margin-bottom: 0px !important;\">&nbsp;</p><p style=\"font-family: Roboto, sans-serif; color: rgb(51, 51, 51); font-size: 16px; text-align: justify; margin-bottom: 0px !important;\">Đối với các lò gạch thủ công, đến nay UBND thành phố Hà Nội đã chỉ đạo chấm dứt việc sản xuất gạch không nung bằng lò thủ công gây ô nhiễm môi trường, hoàn thành việc xóa bỏ các lò gạch thủ công theo chỉ đạo của Bộ Xây dựng. Một số khu vực còn các vỏ lò đã ngừng hoạt động, tuy nhiên việc tháo dỡ chưa triệt để. Hầu hết các công trình, dự án khu đô thị và một số dự án khu nhà ở, khu đô thị thuộc các huyện được thiết kế trước năm 2010 chủ yếu sử dụng vật liệu xây nung. Nhưng đến nay một số chủ đầu tư đã chuyển đổi sang sử dụng vật liệu xây không nung trong các công trình xây dựng.</p><p style=\"font-family: Roboto, sans-serif; color: rgb(51, 51, 51); font-size: 16px; margin-bottom: 0px !important;\">&nbsp;</p><p style=\"font-family: Roboto, sans-serif; color: rgb(51, 51, 51); font-size: 16px; text-align: justify; margin-bottom: 0px !important;\">Bên cạnh đó, ngay sau khi Thủ tướng Chính phủ ban hành Quyết định số 567/QĐ-TTg về việc phê duyệt Chương trình phát triển vật liệu xây không nung đến năm 2020, UBND thành phố Hà Nội đã ban hành nhiều văn bản chỉ đạo, đôn đốc các quận huyện, thị xã, Sở Xây dựng và các sở, ngành liên quan triển khai, trong đó có Chỉ thị số 15/CT-UBND của UBND TP Hà Nội về tăng cường kiểm tra, rà soát tình hình sản xuất gạch ngói, đất sét nung bằng lò thủ công trên địa bàn thành phố.</p><p style=\"font-family: Roboto, sans-serif; color: rgb(51, 51, 51); font-size: 16px; margin-bottom: 0px !important;\">&nbsp;</p><p style=\"font-family: Roboto, sans-serif; color: rgb(51, 51, 51); font-size: 16px; text-align: justify; margin-bottom: 0px !important;\">Tuy nhiên, việc phát triển vật liệu không nung đang gặp phải nhiều khó khăn, bởi việc đầu tư xây dựng nhà máy gạch không nung đòi hỏi vốn lớn, quỹ đất rộng, nguồn lao động cần được đào tạo bài bản, các trình tự đầu tư, thủ tục xây dựng nhà máy mất nhiều thời gian. Do đó, đến nay mặc dù đã được UBND thành phố phê duyệt trong quy hoạch vật liệu xây dựng 18 nhà máy sản xuất gạch không nung (công suất mỗi nhà máy khoảng 20 – 70 triệu viên/năm), song đến nay trên địa bàn Hà Nội hầu hết các nhà máy được quy hoạch đều chưa có dự án đầu tư. Từ những yếu tố trên đã khiến Hà Nội vẫn gặp khó khăn trong việc phát triển loại vật liệu không nung trong các công trình xây dựng.</p><p style=\"font-family: Roboto, sans-serif; color: rgb(51, 51, 51); font-size: 16px; margin-bottom: 0px !important;\">&nbsp;</p><p style=\"font-family: Roboto, sans-serif; color: rgb(51, 51, 51); font-size: 16px; text-align: justify; margin-bottom: 0px !important;\">Theo ông Trần Việt Trung, Phó Giám đốc Sở Xây dựng Hà Nội, VLXD không nung được sử dụng trong một số dự án nhà cao tầng chủ yếu là loại nặng (gạch xi măng cốt liệu đá mạt); loại VLXD không nung nhẹ chưa phổ biến, doanh nghiệp còn cân nhắc khi sử dụng trong công trình nhà ở thương mại cao cấp. Nguyên do là nhiều khu vực nông thôn, việc sản xuất gạch nung được coi như nghề truyền thống, tạo việc làm, thu nhập cho phần lớn người lao động địa phương. Sản phẩm gạch làm ra tương đối đơn giản, được sử dụng rộng rãi do giá thành thấp hơn gạch không nung; đặc biệt, có thể sử dụng cho nhiều loại công trình, với độ bền đã được chứng minh qua thực tế. Ngoài ra, đặc điểm khí hậu nóng ẩm, mưa nhiều ở Hà Nội nói riêng, khu vực miền Bắc nói chung, ảnh hưởng không ít đến việc sử dụng gạch không nung nhẹ.</p><p style=\"font-family: Roboto, sans-serif; color: rgb(51, 51, 51); font-size: 16px; margin-bottom: 0px !important;\">&nbsp;</p><p style=\"font-family: Roboto, sans-serif; color: rgb(51, 51, 51); font-size: 16px; text-align: justify; margin-bottom: 0px !important;\">Được biết, thời gian qua Hà Nội đã xóa bỏ được khoảng 1.751 lò gạch thủ công, trong khi nhu cầu về vật liệu xây dựng lớn, các nhà máy sản xuất gạch tuynel, gạch không nung chưa đủ sản lượng để đáp ứng nhu cầu vật liệu của thành phố. Đặc biệt là nhu cầu vật liệu cho Chương trình xây dựng nông thôn mới tại các khu vực nông thôn thuộc các huyện xa trung tâm như: Mỹ Đức, Ứng Hòa, Sóc Sơn, Thạch Thất, Ba Vì… nơi mà trước đây có hàng trăm lò gạch thủ công hoạt động. Vì vậy, Hà Nội cần tiếp tục hoàn chỉnh, ban hành hệ thống quy chuẩn, tiêu chuẩn, quy trình kỹ thuật thi công, các định mức, đơn giá liên quan đến việc sản xuất và sử dụng các chủng loại vật liệu không nung để có cơ sở áp dụng đồng bộ, tạo điều kiện thuận lợi cho các đơn vị thiết kế, chủ đầu tư và nhà thầu thi công.</p><p style=\"font-family: Roboto, sans-serif; color: rgb(51, 51, 51); font-size: 16px; margin-bottom: 0px !important;\">&nbsp;</p><p style=\"font-family: Roboto, sans-serif; color: rgb(51, 51, 51); font-size: 16px; text-align: justify; margin-bottom: 0px !important;\">Theo tính toán của Bộ Xây dựng, nhu cầu sử dụng VLXD từ năm 2015 đến 2020 tương ứng từ 24 đến 33 tỷ viên gạch quy tiêu chuẩn. Để sản xuất 1 tỷ viên gạch từ đất sét nung, tiêu tốn 1,5 triệu mét khối đất, tương đương diện tích 75ha với độ sâu khai thác 2m; 150 nghìn tấn than đốt lò nung, đồng thời thải ra môi trường 0,57 triệu tấn CO2. Như vậy, đến năm 2020, mỗi năm, ước tính mất 50 triệu mét khối đất sét, tương đương diện tích 2.500ha, 5 triệu tấn than và thải ra môi trường 19 triệu tấn CO2.</p><p style=\"font-family: Roboto, sans-serif; color: rgb(51, 51, 51); font-size: 16px; text-align: justify; margin-bottom: 0px !important;\">Ông Phạm Văn Bắc cũng đã đánh giá cao những thành tích của Hà Nội trong việc thực hiện triển khai chỉ đạo của Chính phủ, Bộ Xây dựng trong Chương trình phát triển vật liệu xây không nung. Tuy nhiên, hiện nay Hà Nội vẫn ghi nhận còn khoảng hơn 100 lò gạch thủ công cải tiến, mà thực chất là những lò gạch thủ công còn hoạt động. Ông Bắc kiến nghị: Thời gian tới Hà Nội cần tổ chức rà soát, xóa bỏ các lò gạch thủ công, ngoài ra nghiên cứu, ban hành các văn bản quy phạm pháp luật khuyến khích phát triển loại vật liệu không nung trong các công trình xây dựng.</p>', NULL, 'Hiện nay, qua kiếm tra tại Hà Nội vật liệu xây dựng không nung đã được sử dụng trong một số các công trình xây dựng. Tuy nhiên, vẫn là những vật liệu không nung nặng. Vậy nguyên nhân do đâu mà việc sử dụng loại vật liệu nhẹ không nung vẫn chưa được phổ biến?', NULL, NULL, '2018-01-06 04:07:05', '2018-01-06 04:07:05'),
(125, 134, 'en', NULL, NULL, '', NULL, NULL, NULL, NULL, NULL, '2018-01-06 04:07:05', '2018-01-06 04:07:05'),
(126, 135, 'vi', 'Nhập khẩu ồ ạt siêu thép vượt 4 tỉ USD', NULL, 'nhap-khau-o-at-sieu-thep-vuot-4-ti-usd', '<p style=\"font-family: Roboto, sans-serif; color: rgb(51, 51, 51); font-size: 16px; text-align: justify; margin-bottom: 0px !important;\"><strong>Mặc dù nhiều mặt hàng trong nước tự sản xuất được nhưng do nhập khẩu các sản phẩm thép trong diện cần kiểm soát đặc biệt vẫn tăng chóng mặt đẩy siêu thép lên tới 4 tỉ USD.</strong></p><p style=\"font-family: Roboto, sans-serif; color: rgb(51, 51, 51); font-size: 16px; margin-bottom: 0px !important;\">&nbsp;</p><p style=\"font-family: Roboto, sans-serif; color: rgb(51, 51, 51); font-size: 16px; text-align: justify; margin-bottom: 0px !important;\">Theo Hiệp hội Thép Việt Nam (VSA), số lượng nhập khẩu chi tiết từng chủng loại sản phẩm thép mới nhất vừa được VSA cập nhật từ Tổng cục Hải quan cho thấy thép cuộn cán nguội, tấm cán nguội nhập khẩu tính đến cuối tháng 7-2017 đạt gần 343.000 tấn, tăng đến 99% so với cùng kỳ năm ngoái.</p><p style=\"font-family: Roboto, sans-serif; color: rgb(51, 51, 51); font-size: 16px; margin-bottom: 0px !important;\">&nbsp;</p><p style=\"font-family: Roboto, sans-serif; color: rgb(51, 51, 51); font-size: 16px; text-align: justify; margin-bottom: 0px !important;\">Những mặt hàng thép khác cũng có mức nhập khẩu tăng rất cao, chẳng hạn ống thép hàn là gần 63.000 tấn, tăng tới 252% so với cùng kỳ năm ngoái.</p><p style=\"font-family: Roboto, sans-serif; color: rgb(51, 51, 51); font-size: 16px; margin-bottom: 0px !important;\">&nbsp;</p><p style=\"font-family: Roboto, sans-serif; color: rgb(51, 51, 51); font-size: 16px; text-align: center; margin-bottom: 0px !important;\"><img class=\"wp-image-10743 aligncenter\" src=\"https://images.jinn.vn/20170918114115-5b1e-jpgb748bhvmhr5g00chk5k0.jpeg\" alt=\"\" width=\"666\" height=\"334\" style=\"display: block; margin-left: auto; margin-right: auto; max-width: 100%; height: auto;\"><em>Do các doanh nghiệp thép trong nước nhập khẩu ồ ạt khiến nhập<br>siêu đạt ngưỡng 4 tỉ USD. Ảnh minh họa</em></p><p style=\"font-family: Roboto, sans-serif; color: rgb(51, 51, 51); font-size: 16px; margin-bottom: 0px !important;\">&nbsp;</p><p style=\"font-family: Roboto, sans-serif; color: rgb(51, 51, 51); font-size: 16px; text-align: justify; margin-bottom: 0px !important;\">Trong khi đó, thép thanh, que, cuộn 7 tháng đầu năm nhập khoảng 411.000 tấn, tăng 30% và dây thép gần 100.000 tấn, tăng 36% so với cùng kỳ năm ngoái.</p><p style=\"font-family: Roboto, sans-serif; color: rgb(51, 51, 51); font-size: 16px; margin-bottom: 0px !important;\">&nbsp;</p><p style=\"font-family: Roboto, sans-serif; color: rgb(51, 51, 51); font-size: 16px; text-align: justify; margin-bottom: 0px !important;\">Lượng thép nhập khẩu lớn khiến kim ngạch nhập khẩu thép 7 tháng qua đã lên đến hơn 6 tỉ USD, tương ứng hơn 11,6 triệu tấn thép các loại, khiến ngành nhập siêu hơn 4 tỉ USD.</p><p style=\"font-family: Roboto, sans-serif; color: rgb(51, 51, 51); font-size: 16px; margin-bottom: 0px !important;\">&nbsp;</p><p style=\"font-family: Roboto, sans-serif; color: rgb(51, 51, 51); font-size: 16px; text-align: justify; margin-bottom: 0px !important;\">Trong khi đó tại thị trường nội địa, giá nguyên liệu thép phế, phôi thép nhập khẩu tăng vọt đã đẩy giá thép bán lẻ khi đến tay người tiêu dùng cũng tăng theo.</p><p style=\"font-family: Roboto, sans-serif; color: rgb(51, 51, 51); font-size: 16px; margin-bottom: 0px !important;\">&nbsp;</p><p style=\"font-family: Roboto, sans-serif; color: rgb(51, 51, 51); font-size: 16px; text-align: justify; margin-bottom: 0px !important;\">Về giá thép trong thời gian tới, ông Nguyễn Văn Sưa, phó chủ tịch VSA, cho biết dự kiến giá thép bán lẻ trong tháng 9 dao động trên 12,5 triệu đồng/tấn, tức tăng thêm 200.000 – 300.000 đồng mỗi tấn so với thời điểm cuối tháng 8 trước đó. Lần tăng giá này không là ngoại lệ khi trước đó các doanh nghiệp sản xuất thép đã nhiều lần điều chỉnh giá trong quý 3.</p>', NULL, NULL, NULL, NULL, '2018-01-06 04:07:55', '2018-01-06 04:07:55'),
(127, 135, 'en', NULL, NULL, '', NULL, NULL, NULL, NULL, NULL, '2018-01-06 04:07:55', '2018-01-06 04:07:55');
INSERT INTO `news_data` (`id`, `news_id`, `language`, `title`, `youtube_code`, `sluggable`, `content`, `landingpage_data`, `summary`, `keyword`, `description`, `updated_at`, `created_at`) VALUES
(128, 136, 'vi', 'Tiêu thụ xi măng nội địa tăng 4%', NULL, 'tieu-thu-xi-mang-noi-dia-tang-4', '<p style=\"font-family: Roboto, sans-serif; color: rgb(51, 51, 51); font-size: 16px; margin-bottom: 0px !important;\"><strong>(Xây dựng) – Vụ Vật liệu Xây dựng, Bộ Xây dựng cho biết, trong 8 tháng năm 2017, cả nước tiêu thụ 51,81 triệu tấn xi măng, tăng 5% so với cùng kỳ năm và đạt 64,8% kế hoạch năm 2017.</strong></p><p style=\"font-family: Roboto, sans-serif; color: rgb(51, 51, 51); font-size: 16px; margin-bottom: 0px !important;\"><strong> </strong><strong> <img class=\"size-full wp-image-10632 aligncenter\" src=\"https://images.jinn.vn/xi-mang-bai-2-jpgb713ijvmhr5g00chjs2g.jpeg\" alt=\"\" width=\"624\" height=\"418\" style=\"display: block; margin-left: auto; margin-right: auto; max-width: 100%; height: auto;\"></strong></p><p style=\"font-family: Roboto, sans-serif; color: rgb(51, 51, 51); font-size: 16px; margin-bottom: 0px !important;\">Tiêu thụ xi măng nội địa trong 8 tháng đầu năm 2017 đạt 39,17 triệu tấn, tăng 2% so với cùng kỳ; xuất khẩu khoảng 12,64 triệu tấn. Riêng tháng 8, lượng xi măng tiêu thụ đạt khoảng 6,08 triệu tấn, tăng 4% so với tháng 8/2016 và lượng xi măng tiêu thụ nội địa đạt 4,58 triệu tấn, tăng 7% so với cùng kỳ.</p><p style=\"font-family: Roboto, sans-serif; color: rgb(51, 51, 51); font-size: 16px; margin-bottom: 0px !important;\">Theo các chuyên gia, do ảnh hưởng của giá cát tăng đột biến từ 50 – 200% làm nhiều công trình xây dựng bị giảm, hoãn, mưa kéo dài ảnh hưởng đến tiến độ thi công của các công trình được coi là nguyên nhân quan trọng khiến mức tiêu thụ xi măng nội địa trong tháng 8 tăng chậm.</p><p style=\"font-family: Roboto, sans-serif; color: rgb(51, 51, 51); font-size: 16px; margin-bottom: 0px !important;\">Cũng trong 8 tháng năm 2017, xuất khẩu xi măng và clinker của Việt Nam đã tăng 20,7% về lượng và 13,3% về trị giá so với cùng kỳ năm 2016. Tổng lượng xi măng và clinker xuất khẩu đã đạt 12,2 triệu tấn, thu về 430,6 triệu USD. Chỉ tính riêng trong tháng 8/2017, Việt Nam đã xuất khẩu gần 1,4 triệu tấn xi măng và clinker, trị giá 55 triệu USD</p>', NULL, '(Xây dựng) – Vụ Vật liệu Xây dựng, Bộ Xây dựng cho biết, trong 8 tháng năm 2017, cả nước tiêu thụ 51,81 triệu tấn xi măng, tăng 5% so với cùng kỳ năm và đạt 64,8% kế hoạch năm 2017.', NULL, NULL, '2018-01-06 10:18:20', '2018-01-06 04:08:36'),
(129, 136, 'en', NULL, NULL, '', NULL, NULL, NULL, NULL, NULL, '2018-01-06 04:08:36', '2018-01-06 04:08:36'),
(130, 137, 'vi', 'Khai thác trái phép Cát, Sỏi làm tăng rủi ro thiên tai phạt 25 triệu đồng', NULL, 'khai-thac-trai-phep-cat-soi-lam-tang-rui-ro-thien-tai-phat-25-trieu-dong', '<p style=\"font-family: Roboto, sans-serif; color: rgb(51, 51, 51); font-size: 16px; margin-bottom: 0px !important;\"><strong>(Xây dựng) – Chính phủ vừa ban hành quy định mới về phòng chống thiên tai, trong đó nhấn mạnh, việc khai thác trái phép cát, sỏi làm tăng rủi ro thiên tai sẽ bị phạt đến 25 triệu đồng</strong></p><p style=\"font-family: Roboto, sans-serif; color: rgb(51, 51, 51); font-size: 16px; margin-bottom: 0px !important;\"><strong><br><img class=\"aligncenter wp-image-10628\" src=\"https://images.jinn.vn/khai-thac-cat-bai-1-jpgb713h37mhr5g00chjrs0.jpeg\" alt=\"\" width=\"585\" height=\"421\" style=\"display: block; margin-left: auto; margin-right: auto; max-width: 100%; height: auto;\"></strong></p><p style=\"font-family: Roboto, sans-serif; color: rgb(51, 51, 51); font-size: 16px; margin-bottom: 0px !important;\">Ngoài ra, phạt tiền từ 3 – 5 triệu đồng, đối với hành vi cản trở sự vận hành của công trình phòng, chống thiên tai; đối với hành vi neo đậu không đúng nơi quy định của tàu thuyền và các phương tiện khác vào công trình phòng, chống thiên tai sẽ bị phạt tiền từ 6 – 8 triệu đồng; phạt tiền từ 8 – 15 triệu đồng đối với hành vi cố ý sử dụng sai mục đích của công trình phòng, chống thiên tai.</p><p style=\"font-family: Roboto, sans-serif; color: rgb(51, 51, 51); font-size: 16px; margin-bottom: 0px !important;\">Phạt tiền từ 15 – 25 triệu đồng đồng đối với một trong các hành vi sau: Lấn chiếm bãi sông, lòng sông làm tăng rủi ro thiên tai mà không có biện pháp xử lý, khắc phục; khai thác trái phép cát, sỏi, khoáng sản làm tăng rủi ro thiên tai mà không có biện pháp xử lý, khắc phục.</p><p style=\"font-family: Roboto, sans-serif; color: rgb(51, 51, 51); font-size: 16px; margin-bottom: 0px !important;\">Đối với hành vi làm hư hại công trình phục vụ phòng, chống thiên tai phạt tiền từ 25 – 40 triệu đồng.</p>', NULL, 'Chính phủ vừa ban hành quy định mới về phòng chống thiên tai, trong đó nhấn mạnh, việc khai thác trái phép cát, sỏi làm tăng rủi ro thiên tai sẽ bị phạt đến 25 triệu đồng', NULL, NULL, '2018-01-06 04:09:21', '2018-01-06 04:09:21'),
(131, 137, 'en', NULL, NULL, '', NULL, NULL, NULL, NULL, NULL, '2018-01-06 04:09:21', '2018-01-06 04:09:21');

-- --------------------------------------------------------

--
-- Cấu trúc bảng cho bảng `news_landingpages`
--

CREATE TABLE `news_landingpages` (
  `id` int(11) NOT NULL,
  `language` varchar(10) COLLATE utf8_unicode_ci DEFAULT 'vn',
  `news_id` int(11) NOT NULL DEFAULT '0',
  `template_id` int(11) NOT NULL DEFAULT '0',
  `title` varchar(255) COLLATE utf8_unicode_ci DEFAULT NULL,
  `images` text COLLATE utf8_unicode_ci,
  `img_thumb` varchar(255) COLLATE utf8_unicode_ci DEFAULT NULL,
  `img_large` varchar(255) COLLATE utf8_unicode_ci DEFAULT NULL,
  `content` text COLLATE utf8_unicode_ci,
  `created_at` int(11) DEFAULT NULL,
  `updated_at` int(11) DEFAULT NULL
) ENGINE=InnoDB DEFAULT CHARSET=utf8 COLLATE=utf8_unicode_ci;

-- --------------------------------------------------------

--
-- Cấu trúc bảng cho bảng `project`
--

CREATE TABLE `project` (
  `id` int(11) NOT NULL,
  `image` varchar(255) COLLATE utf8_unicode_ci DEFAULT NULL,
  `name` varchar(255) COLLATE utf8_unicode_ci DEFAULT NULL,
  `content` text COLLATE utf8_unicode_ci,
  `link` varchar(255) COLLATE utf8_unicode_ci DEFAULT NULL,
  `sort_order` int(11) DEFAULT '0',
  `created_at` timestamp NULL DEFAULT NULL,
  `updated_at` datetime DEFAULT NULL
) ENGINE=InnoDB DEFAULT CHARSET=utf8 COLLATE=utf8_unicode_ci;

--
-- Đang đổ dữ liệu cho bảng `project`
--

INSERT INTO `project` (`id`, `image`, `name`, `content`, `link`, `sort_order`, `created_at`, `updated_at`) VALUES
(1, 'frontend/img/5_1502870295_jpg_50ebafb77f3831c6adb4ecbea0d02f60.jpg', 'Chải Thông Kinh Lạc', 'Lorem ipsum dolor sit amet timeam deleniti mnesarchum ex sed alii hinc dolores ad cum. Urbanitas similique ex nam paulo temporibus ea vis id odio adhuc nostrum eos', 'http://himalayaspa.vn/chai-luu-thong-khi-huyet/sn209.html', 0, NULL, '2017-06-01 20:57:25'),
(2, 'frontend/img/5_1502870295_jpg_50ebafb77f3831c6adb4ecbea0d02f60.jpg', 'Massage Body Đá Muối', 'Lorem ipsum dolor sit amet timeam deleniti mnesarchum ex sed alii hinc dolores ad cum. Urbanitas similique ex nam paulo temporibus ea vis id odio adhuc nostrum eos', '#http://himalayaspa.vn/massage-body-da-muoi/sn207.html', 0, NULL, '2017-06-01 20:47:04'),
(3, 'frontend/img/5_1502870295_jpg_50ebafb77f3831c6adb4ecbea0d02f60.jpg', 'Tắm trắng tăng sinh Collagen', 'Lorem ipsum dolor sit amet timeam deleniti mnesarchum ex sed alii hinc dolores ad cum. Urbanitas similique ex nam paulo temporibus ea vis id odio adhuc nostrum eos', 'http://himalayaspa.vn/tam-trang-tang-sinh-collagen/sn181.html', 0, NULL, '2017-06-01 20:50:50'),
(4, 'frontend/img/5_1502870295_jpg_50ebafb77f3831c6adb4ecbea0d02f60.jpg', 'Trị mụn tinh chất hồng sâm', 'Lorem ipsum dolor sit amet timeam deleniti mnesarchum ex sed alii hinc dolores ad cum. Urbanitas similique ex nam paulo temporibus ea vis id odio adhuc nostrum eos', 'http://himalayaspa.vn/tri-mun-tinh-chat-hong-sam/sn182.html', 0, NULL, '2017-06-01 20:55:55'),
(5, 'frontend/img/5_1502870295_jpg_50ebafb77f3831c6adb4ecbea0d02f60.jpg', 'Giảm béo và giảm cân lưng', 'Lorem ipsum dolor sit amet timeam deleniti mnesarchum ex sed alii hinc dolores ad cum. Urbanitas similique ex nam paulo temporibus ea vis id odio adhuc nostrum eos', 'http://himalayaspa.vn/giam-beo-va-giam-can-lung/sn210.html', 0, NULL, '2017-06-01 21:01:54'),
(7, 'frontend/img/5_1502870295_jpg_50ebafb77f3831c6adb4ecbea0d02f60.jpg', 'Trị Liệu Đau Mỏi Vai Gáy Ayurveda', 'Lorem ipsum dolor sit amet timeam deleniti mnesarchum ex sed alii hinc dolores ad cum. Urbanitas similique ex nam paulo temporibus ea vis id odio adhuc nostrum eos', 'http://himalayaspa.vn/ayurveda-tri-dau-moi-vai-gay/sn233.html', 0, '2017-08-23 02:26:36', '2017-08-23 09:29:04');

-- --------------------------------------------------------

--
-- Cấu trúc bảng cho bảng `site_config`
--

CREATE TABLE `site_config` (
  `id` int(15) NOT NULL,
  `name` varchar(50) COLLATE utf8_unicode_ci DEFAULT NULL,
  `email` varchar(255) COLLATE utf8_unicode_ci DEFAULT NULL,
  `skyper` varchar(255) COLLATE utf8_unicode_ci DEFAULT NULL,
  `yahoo` varchar(255) COLLATE utf8_unicode_ci DEFAULT NULL,
  `phone` varchar(255) COLLATE utf8_unicode_ci DEFAULT NULL,
  `title` varchar(255) COLLATE utf8_unicode_ci DEFAULT NULL,
  `description` varchar(300) COLLATE utf8_unicode_ci DEFAULT NULL,
  `keyword` varchar(300) COLLATE utf8_unicode_ci DEFAULT NULL,
  `footer` text COLLATE utf8_unicode_ci,
  `youtube` varchar(256) COLLATE utf8_unicode_ci DEFAULT NULL,
  `youtubeMobie` varchar(255) COLLATE utf8_unicode_ci DEFAULT NULL,
  `video_home` varchar(255) COLLATE utf8_unicode_ci DEFAULT NULL,
  `background_pc` varchar(256) COLLATE utf8_unicode_ci DEFAULT NULL,
  `background_mobile` varchar(255) COLLATE utf8_unicode_ci DEFAULT NULL,
  `code02` text COLLATE utf8_unicode_ci,
  `code01` text COLLATE utf8_unicode_ci,
  `block01` text COLLATE utf8_unicode_ci,
  `block02` text COLLATE utf8_unicode_ci,
  `logo` varchar(255) COLLATE utf8_unicode_ci DEFAULT NULL,
  `favicon` varchar(255) COLLATE utf8_unicode_ci DEFAULT NULL,
  `updated_at` timestamp NOT NULL DEFAULT CURRENT_TIMESTAMP ON UPDATE CURRENT_TIMESTAMP,
  `created_at` timestamp NOT NULL DEFAULT '0000-00-00 00:00:00'
) ENGINE=InnoDB DEFAULT CHARSET=utf8 COLLATE=utf8_unicode_ci;

--
-- Đang đổ dữ liệu cho bảng `site_config`
--

INSERT INTO `site_config` (`id`, `name`, `email`, `skyper`, `yahoo`, `phone`, `title`, `description`, `keyword`, `footer`, `youtube`, `youtubeMobie`, `video_home`, `background_pc`, `background_mobile`, `code02`, `code01`, `block01`, `block02`, `logo`, `favicon`, `updated_at`, `created_at`) VALUES
(1, 'NVEDUCATION', 'customer.service@nveducation.com.vn', 'quangtien262', '', '0901 799 666', 'nveducation.com.vn', 'nveducation.com.vn', 'nveducation.com.vn', '<p>NVEDUCATION CO., LTD.</p>\r\n            <p>Email: customer.service@nveducation.com.vn</p>\r\n            <p>Địa chỉ:&nbsp;&nbsp;T10- OF04- KĐT Times City, 458 Minh Khai,&nbsp;<span style=\"color: rgb(0, 0, 0);\">Hai Bà Trưng, Hà Nội</span></p>', NULL, NULL, '/photos/3/A1-``1900x900.jpg', '/photos/shares/background/hdetail_bg.jpg', '/photos/shares/background/about_bg_mobile.jpg', '0', '<div id=\"https://www.facebook.com/pg/Nveducation-Du-học-Canada-367951910331459/\"></div>\r\n<script>(function(d, s, id) {\r\n  var js, fjs = d.getElementsByTagName(s)[0];\r\n  if (d.getElementById(id)) return;\r\n  js = d.createElement(s); js.id = id;\r\n  js.src = \'https://connect.facebook.net/vi_VN/sdk.js#xfbml=1&version=v2.10&appId=118779825390560\';\r\n  fjs.parentNode.insertBefore(js, fjs);\r\n}(document, \'script\', \'facebook-jssdk\'));</script>\r\n\r\n<div class=\"https://www.facebook.com/Nveducation-Du-học-Canada-367951910331459/\" data-href=\"https://www.facebook.com/facebook\" data-tabs=\"timeline\" data-height=\"100\" data-small-header=\"false\" data-adapt-container-width=\"true\" data-hide-cover=\"false\" data-show-facepile=\"true\"><blockquote cite=\"https://www.facebook.com/Nveducation-Du-học-Canada-367951910331459/\" class=\"fb-xfbml-parse-ignore\"><a href=\"https://www.facebook.com/Nveducation-Du-học-Canada-367951910331459/\">Facebook</a></blockquote></div>', '<p>NVEDUCA NVEDUCATION<br />\r\nGI&Uacute;P BẠN MỞ CỬA SỔ DU HỌC CANADA&nbsp;</p>', '<h3>Du học Canada: Th&ocirc;ng tin chi tiết về c&aacute;c ch&iacute;nh s&aacute;ch nhập cư, <strong>hồ sơ xin&nbsp;visa du học Canada</strong>&nbsp;c&ugrave;ng những tin tức mới nhất về lịch diễn ra c&aacute;c buổi hội thảo&nbsp;<strong>tư vấn du học Canada</strong>&nbsp;từ những c&ocirc;ng ty tư vấn du học uy t&iacute;n sẽ được cập nhật li&ecirc;n tục mỗi ng&agrave;y.</h3>\r\n\r\n<h3>&nbsp;</h3>\r\n\r\n<p><strong>ĐĂNG K&Yacute; TƯ VẤN NGAY</strong></p>\r\n\r\n<p>&nbsp;</p>', '/photos/shares/logo/linkvietnam-condotel.png', '', '2018-01-06 10:50:04', '0000-00-00 00:00:00'),
(2, 'NVEDUCATION', 'customer.service@nveducation.com.vn', 'quangtien262', '', '0901 799 666', 'nveducation.com.vn', 'nveducation.com.vn', 'nveducation.com.vn', '<ul>\r\n        <li><b>Website:</b> http://himalayaspa.vn</li>\r\n        <li>Chuyên gia tư vấn (24/7) <b>19000252&nbsp;</b></li>\r\n    </ul>', NULL, NULL, '/photos/3/A1-``1900x900.jpg', '/photos/shares/background/hdetail_bg.jpg', '/photos/shares/background/about_bg_mobile.jpg', '0', '<div id=\"https://www.facebook.com/pg/Nveducation-Du-học-Canada-367951910331459/\"></div>\r\n<script>(function(d, s, id) {\r\n  var js, fjs = d.getElementsByTagName(s)[0];\r\n  if (d.getElementById(id)) return;\r\n  js = d.createElement(s); js.id = id;\r\n  js.src = \'https://connect.facebook.net/vi_VN/sdk.js#xfbml=1&version=v2.10&appId=118779825390560\';\r\n  fjs.parentNode.insertBefore(js, fjs);\r\n}(document, \'script\', \'facebook-jssdk\'));</script>\r\n\r\n<div class=\"https://www.facebook.com/Nveducation-Du-học-Canada-367951910331459/\" data-href=\"https://www.facebook.com/facebook\" data-tabs=\"timeline\" data-height=\"100\" data-small-header=\"false\" data-adapt-container-width=\"true\" data-hide-cover=\"false\" data-show-facepile=\"true\"><blockquote cite=\"https://www.facebook.com/Nveducation-Du-học-Canada-367951910331459/\" class=\"fb-xfbml-parse-ignore\"><a href=\"https://www.facebook.com/Nveducation-Du-học-Canada-367951910331459/\">Facebook</a></blockquote></div>', '<p>Combination of tourism and recreation</p>\r\n\r\n<p>Classiest in Southeast Asia</p>\r\n\r\n<p>Welcome to July 2017</p>', '<p>Stylish destination for the first time in Vietnam is ready to welcome you!</p>\r\n\r\n<p><strong>Experience it now, do not delay</strong></p>', '/photos/3/avatar.jpg', '', '2017-11-07 23:35:22', '0000-00-00 00:00:00');

-- --------------------------------------------------------

--
-- Cấu trúc bảng cho bảng `users`
--

CREATE TABLE `users` (
  `id` int(10) UNSIGNED NOT NULL,
  `username` varchar(100) COLLATE utf8_unicode_ci NOT NULL,
  `userType` tinyint(3) UNSIGNED DEFAULT '0',
  `password` varchar(60) COLLATE utf8_unicode_ci NOT NULL,
  `firstName` varchar(100) COLLATE utf8_unicode_ci DEFAULT NULL,
  `lastName` varchar(100) COLLATE utf8_unicode_ci DEFAULT NULL,
  `fullName` varchar(100) COLLATE utf8_unicode_ci DEFAULT NULL,
  `city` varchar(100) COLLATE utf8_unicode_ci DEFAULT NULL,
  `zipcode` varchar(20) COLLATE utf8_unicode_ci DEFAULT NULL,
  `countryCode` varchar(20) COLLATE utf8_unicode_ci DEFAULT NULL,
  `region` varchar(20) COLLATE utf8_unicode_ci DEFAULT NULL,
  `avatar` varchar(255) COLLATE utf8_unicode_ci DEFAULT NULL,
  `email` varchar(50) COLLATE utf8_unicode_ci NOT NULL,
  `phoneNumber` varchar(20) COLLATE utf8_unicode_ci DEFAULT NULL,
  `skypeAccount` varchar(50) COLLATE utf8_unicode_ci DEFAULT NULL,
  `facebookID` varchar(100) COLLATE utf8_unicode_ci DEFAULT NULL,
  `facebookLink` varchar(100) COLLATE utf8_unicode_ci DEFAULT NULL,
  `remember_token` varchar(100) COLLATE utf8_unicode_ci DEFAULT NULL,
  `created_at` timestamp NULL DEFAULT NULL,
  `updated_at` timestamp NULL DEFAULT NULL
) ENGINE=InnoDB DEFAULT CHARSET=utf8 COLLATE=utf8_unicode_ci;

--
-- Đang đổ dữ liệu cho bảng `users`
--

INSERT INTO `users` (`id`, `username`, `userType`, `password`, `firstName`, `lastName`, `fullName`, `city`, `zipcode`, `countryCode`, `region`, `avatar`, `email`, `phoneNumber`, `skypeAccount`, `facebookID`, `facebookLink`, `remember_token`, `created_at`, `updated_at`) VALUES
(3, 'admin', 1, '$2y$10$0ofVsFfJV1cixPallt5Q1uUTfYouwkiGh73F36kk6Kh15vyFbenP2', 'admin', 'admin', 'admin', NULL, NULL, NULL, NULL, NULL, 'te@gmail.com', NULL, NULL, NULL, NULL, 'vQ8C5pW5VY2F3ZNClN6ZF0Lj94mldFVCXqxbrWddV7DdY4gab1AsFIv1jOSO', '2017-02-16 05:10:42', '2017-05-04 07:40:54'),
(7, 'ogai@agjp.biz', 0, '$2y$10$4mFcxUETOiaQl.jwVbPCHOTg32kZFttouMK4KipFUfmvyj7kRfoHC', NULL, NULL, 'osami ogai', NULL, NULL, NULL, NULL, NULL, 'ogai@agjp.biz', NULL, NULL, NULL, NULL, 'lAa5RtDxqEGEt3TyBUswriJXHnQcYMDnU2uRIqZive5rfu5ubEkm6bqCGYGP', '2017-02-16 21:44:33', '2017-02-16 21:45:02'),
(8, 'tienlq3@gmail.com', 0, '$2y$10$U1QPM1a6.vzIhkZsFGfvsu.d7x14dPbwj4VQuF7aCHjdMLM370KQG', 'admin', NULL, 'tienlq1', NULL, NULL, NULL, NULL, NULL, 'tienlq3@gmail.com', NULL, NULL, NULL, NULL, 'fSL5Hd0RJLdPPUjXPIOzVUKIUSrZPWe5ZHVQz04VvLMGxcmkuIVdlfHB38qP', '2017-02-25 02:01:07', '2017-03-01 20:49:17'),
(9, 'tienlq4@gmail.com', 0, '$2y$10$bFUcus429mk5WOkI7bjZlusAHQopiU.eG1JqQgFuYI8dUMgLOsNWm', 'admin', NULL, 'tienlq4', NULL, NULL, NULL, NULL, NULL, 'tienlq4@gmail.com', NULL, NULL, NULL, NULL, 'hkMMgX0vxWJMiTQH6qn9f5mKSTecPEHfUmFX3Y4MMz4qDH171Knam96akuA5', '2017-02-25 02:01:59', '2017-03-01 20:52:43');

--
-- Chỉ mục cho các bảng đã đổ
--

--
-- Chỉ mục cho bảng `address`
--
ALTER TABLE `address`
  ADD PRIMARY KEY (`id`);

--
-- Chỉ mục cho bảng `block`
--
ALTER TABLE `block`
  ADD PRIMARY KEY (`id`);

--
-- Chỉ mục cho bảng `block_data`
--
ALTER TABLE `block_data`
  ADD PRIMARY KEY (`id`);

--
-- Chỉ mục cho bảng `block_home`
--
ALTER TABLE `block_home`
  ADD PRIMARY KEY (`id`);

--
-- Chỉ mục cho bảng `category`
--
ALTER TABLE `category`
  ADD PRIMARY KEY (`id`),
  ADD KEY `id` (`id`),
  ADD KEY `id_2` (`id`);

--
-- Chỉ mục cho bảng `category_data`
--
ALTER TABLE `category_data`
  ADD PRIMARY KEY (`id`),
  ADD KEY `id` (`id`),
  ADD KEY `id_2` (`id`);

--
-- Chỉ mục cho bảng `contact`
--
ALTER TABLE `contact`
  ADD PRIMARY KEY (`id`);

--
-- Chỉ mục cho bảng `images`
--
ALTER TABLE `images`
  ADD PRIMARY KEY (`id`);

--
-- Chỉ mục cho bảng `lifestyle`
--
ALTER TABLE `lifestyle`
  ADD PRIMARY KEY (`id`);

--
-- Chỉ mục cho bảng `lifestyle_data`
--
ALTER TABLE `lifestyle_data`
  ADD PRIMARY KEY (`id`);

--
-- Chỉ mục cho bảng `news`
--
ALTER TABLE `news`
  ADD PRIMARY KEY (`id`);

--
-- Chỉ mục cho bảng `news_data`
--
ALTER TABLE `news_data`
  ADD PRIMARY KEY (`id`),
  ADD KEY `title` (`title`);

--
-- Chỉ mục cho bảng `news_landingpages`
--
ALTER TABLE `news_landingpages`
  ADD PRIMARY KEY (`id`);

--
-- Chỉ mục cho bảng `project`
--
ALTER TABLE `project`
  ADD PRIMARY KEY (`id`);

--
-- Chỉ mục cho bảng `site_config`
--
ALTER TABLE `site_config`
  ADD PRIMARY KEY (`id`);

--
-- Chỉ mục cho bảng `users`
--
ALTER TABLE `users`
  ADD PRIMARY KEY (`id`),
  ADD UNIQUE KEY `zzz_user_username_unique` (`username`),
  ADD UNIQUE KEY `zzz_user_email_unique` (`email`),
  ADD UNIQUE KEY `zzz_user_phonenumber_unique` (`phoneNumber`),
  ADD UNIQUE KEY `zzz_user_skypeaccount_unique` (`skypeAccount`);

--
-- AUTO_INCREMENT cho các bảng đã đổ
--

--
-- AUTO_INCREMENT cho bảng `address`
--
ALTER TABLE `address`
  MODIFY `id` int(11) NOT NULL AUTO_INCREMENT, AUTO_INCREMENT=9;
--
-- AUTO_INCREMENT cho bảng `block`
--
ALTER TABLE `block`
  MODIFY `id` int(11) NOT NULL AUTO_INCREMENT, AUTO_INCREMENT=13;
--
-- AUTO_INCREMENT cho bảng `block_data`
--
ALTER TABLE `block_data`
  MODIFY `id` int(11) NOT NULL AUTO_INCREMENT, AUTO_INCREMENT=25;
--
-- AUTO_INCREMENT cho bảng `block_home`
--
ALTER TABLE `block_home`
  MODIFY `id` int(11) NOT NULL AUTO_INCREMENT, AUTO_INCREMENT=4;
--
-- AUTO_INCREMENT cho bảng `category`
--
ALTER TABLE `category`
  MODIFY `id` int(15) NOT NULL AUTO_INCREMENT, AUTO_INCREMENT=67;
--
-- AUTO_INCREMENT cho bảng `category_data`
--
ALTER TABLE `category_data`
  MODIFY `id` int(15) NOT NULL AUTO_INCREMENT, AUTO_INCREMENT=133;
--
-- AUTO_INCREMENT cho bảng `contact`
--
ALTER TABLE `contact`
  MODIFY `id` int(11) NOT NULL AUTO_INCREMENT, AUTO_INCREMENT=8;
--
-- AUTO_INCREMENT cho bảng `images`
--
ALTER TABLE `images`
  MODIFY `id` int(255) NOT NULL AUTO_INCREMENT, AUTO_INCREMENT=11;
--
-- AUTO_INCREMENT cho bảng `lifestyle`
--
ALTER TABLE `lifestyle`
  MODIFY `id` int(11) NOT NULL AUTO_INCREMENT, AUTO_INCREMENT=4;
--
-- AUTO_INCREMENT cho bảng `lifestyle_data`
--
ALTER TABLE `lifestyle_data`
  MODIFY `id` int(11) NOT NULL AUTO_INCREMENT, AUTO_INCREMENT=7;
--
-- AUTO_INCREMENT cho bảng `news`
--
ALTER TABLE `news`
  MODIFY `id` bigint(15) NOT NULL AUTO_INCREMENT, AUTO_INCREMENT=138;
--
-- AUTO_INCREMENT cho bảng `news_data`
--
ALTER TABLE `news_data`
  MODIFY `id` bigint(15) NOT NULL AUTO_INCREMENT, AUTO_INCREMENT=132;
--
-- AUTO_INCREMENT cho bảng `news_landingpages`
--
ALTER TABLE `news_landingpages`
  MODIFY `id` int(11) NOT NULL AUTO_INCREMENT;
--
-- AUTO_INCREMENT cho bảng `project`
--
ALTER TABLE `project`
  MODIFY `id` int(11) NOT NULL AUTO_INCREMENT, AUTO_INCREMENT=8;
--
-- AUTO_INCREMENT cho bảng `site_config`
--
ALTER TABLE `site_config`
  MODIFY `id` int(15) NOT NULL AUTO_INCREMENT, AUTO_INCREMENT=3;
--
-- AUTO_INCREMENT cho bảng `users`
--
ALTER TABLE `users`
  MODIFY `id` int(10) UNSIGNED NOT NULL AUTO_INCREMENT, AUTO_INCREMENT=10;COMMIT;

/*!40101 SET CHARACTER_SET_CLIENT=@OLD_CHARACTER_SET_CLIENT */;
/*!40101 SET CHARACTER_SET_RESULTS=@OLD_CHARACTER_SET_RESULTS */;
/*!40101 SET COLLATION_CONNECTION=@OLD_COLLATION_CONNECTION */;
